model,method,dataset,seed,protocol_id,metric,value,num_examples,steps,total_calls,dtype,selected_checkpoint_step,state,artifact_sha256,release_config_sha256,release_code_revision
Qwen3-0.6B-Base,MeZO,RTE,42,qwen06b-main-v1,accuracy,0.7617328519855595,277,20000,40000,bfloat16,,complete,,69faf2d7d739cd05edfed662612c19c8b2f49d18686568b7b705f5eb08676c13,50779c6
Qwen3-0.6B-Base,MeZO,RTE,142,qwen06b-main-v1,accuracy,0.7689530685920578,277,20000,40000,bfloat16,,complete,,52a71f65819f4690410a7383eb38fde30b697ec2b411f33bc0dbb1861db8da99,50779c6
Qwen3-0.6B-Base,MeZO,RTE,242,qwen06b-main-v1,accuracy,0.7906137184115524,277,20000,40000,bfloat16,,complete,,d101694c5c3231f8f037563fd5758825aec0e835a7e2179eb5be8493b21e86db,50779c6
Qwen3-0.6B-Base,MeZO,RTE,342,qwen06b-main-v1,accuracy,0.779783393501805,277,20000,40000,bfloat16,,complete,,40e3cb6d52aa54a8734c5afcee17536bd34b183e467ff607a08c80234d05a222,50779c6
Qwen3-0.6B-Base,MeZO,RTE,442,qwen06b-main-v1,accuracy,0.779783393501805,277,20000,40000,bfloat16,,complete,,d0d311b8c7896a939ef442d9f3f75aaaa7efc9bda0b26958ddf0ed66bb121e53,50779c6
Qwen3-0.6B-Base,AIM-ZO,RTE,42,qwen06b-main-v1,accuracy,0.776173285198556,277,2500,40000,bfloat16,,complete,,c772e43f554233087d73c90c67c9d63a31bccdd833e16818e7db1047f09661a3,50779c6
Qwen3-0.6B-Base,AIM-ZO,RTE,142,qwen06b-main-v1,accuracy,0.7617328519855595,277,2500,40000,bfloat16,,complete,,45852fb7bb2cff7303ac709703b5fbece9062a7039f425cbff41cb4f80036467,50779c6
Qwen3-0.6B-Base,AIM-ZO,RTE,242,qwen06b-main-v1,accuracy,0.7870036101083032,277,2500,40000,bfloat16,,complete,,28e2c3f3f61e6943f8ea4373692910dae726a970710d8dd6c9169496ef8e1d4a,50779c6
Qwen3-0.6B-Base,AIM-ZO,RTE,342,qwen06b-main-v1,accuracy,0.776173285198556,277,2500,40000,bfloat16,,complete,,9cf5f8a4dc3b0474892cf025b0d5345b9c5d1631dfc532625f9daef36ec63427,50779c6
Qwen3-0.6B-Base,AIM-ZO,RTE,442,qwen06b-main-v1,accuracy,0.779783393501805,277,2500,40000,bfloat16,,complete,,06aef201d23359e1eda656ff106eb7858e5f74e4479ef3dface86ca35b39a842,50779c6
Qwen3-0.6B-Base,MeZO,SST-2,42,qwen06b-main-v1,accuracy,0.8910550458715596,872,20000,40000,bfloat16,,complete,,9f855b6e764a807a22e30de64d51fa10be7f9b678dcaf6e185e830cba38a8d05,50779c6
Qwen3-0.6B-Base,MeZO,SST-2,142,qwen06b-main-v1,accuracy,0.9036697247706422,872,20000,40000,bfloat16,,complete,,04bb760890a97861486a059515bdc933bf3e54cec8e3c13217a57c4955ef5a61,50779c6
Qwen3-0.6B-Base,MeZO,SST-2,242,qwen06b-main-v1,accuracy,0.8818807339449541,872,20000,40000,bfloat16,,complete,,43aa1c5b323985a947979bb9ac84ede7666594345c0728a93d37d6ff16535a5b,50779c6
Qwen3-0.6B-Base,MeZO,SST-2,342,qwen06b-main-v1,accuracy,0.8704128440366973,872,20000,40000,bfloat16,,complete,,53a1a52433f7ee2624acba00c1b33fe33998b5c84edeb4f0950ae544d67a5209,50779c6
Qwen3-0.6B-Base,MeZO,SST-2,442,qwen06b-main-v1,accuracy,0.8738532110091743,872,20000,40000,bfloat16,,complete,,037f103aefa2e1cc1add95d756a9e57c81e28cf93212bddc7937c2ae4df91a53,50779c6
Qwen3-0.6B-Base,AIM-ZO,SST-2,42,qwen06b-main-v1,accuracy,0.8899082568807339,872,2500,40000,bfloat16,,complete,,82c80a9f575907319e65aebf386d7572be8831c0a3bccc12a5b88ac49835b992,50779c6
Qwen3-0.6B-Base,AIM-ZO,SST-2,142,qwen06b-main-v1,accuracy,0.8967889908256881,872,2500,40000,bfloat16,,complete,,233d37f4c7bb5142636dbab020c836fcfc90d78406596df821285ae20e2f18ad,50779c6
Qwen3-0.6B-Base,AIM-ZO,SST-2,242,qwen06b-main-v1,accuracy,0.8807339449541285,872,2500,40000,bfloat16,,complete,,31fca46577f904fec0a65d126dca9a4d2f170d6b826d7f728c69cb419321b8d2,50779c6
Qwen3-0.6B-Base,AIM-ZO,SST-2,342,qwen06b-main-v1,accuracy,0.8956422018348624,872,2500,40000,bfloat16,,complete,,58ccb37129c4147b40b563512164e9d15fd7936aab471750f5cc23c544d67fdb,50779c6
Qwen3-0.6B-Base,AIM-ZO,SST-2,442,qwen06b-main-v1,accuracy,0.8841743119266054,872,2500,40000,bfloat16,,complete,,20e067301c001e603a763c152bc3a8ea3345581e5bca9abd2bce672f9a5216fe,50779c6
Qwen3-0.6B-Base,MeZO,WiC,42,qwen06b-main-v1,accuracy,0.5579937304075235,638,20000,40000,bfloat16,,complete,,11d5fd4e72813cde27fc8e78f5df0900c5a736b33694a3c044056aaa97ecbcd9,50779c6
Qwen3-0.6B-Base,MeZO,WiC,142,qwen06b-main-v1,accuracy,0.5250783699059561,638,20000,40000,bfloat16,,complete,,ff3b1de321ac15e4c53831c28f7e927ab1d836fc0d823b270159e5f0fa8525f2,50779c6
Qwen3-0.6B-Base,MeZO,WiC,242,qwen06b-main-v1,accuracy,0.5407523510971787,638,20000,40000,bfloat16,,complete,,4886980fa6b530683686f014ff119a30ea4a82d3773bc4f6c76f89a57fac2773,50779c6
Qwen3-0.6B-Base,MeZO,WiC,342,qwen06b-main-v1,accuracy,0.5909090909090909,638,20000,40000,bfloat16,,complete,,753eafdbf05ef37b9da620ea34c85289e9126a9b75797a529b8b743a3c7fc5e7,50779c6
Qwen3-0.6B-Base,MeZO,WiC,442,qwen06b-main-v1,accuracy,0.5532915360501567,638,20000,40000,bfloat16,,complete,,61c18296d572356c568b1eba1eb84d99db2ae6a2882315925356597c4e6af1c2,50779c6
Qwen3-0.6B-Base,AIM-ZO,WiC,42,qwen06b-main-v1,accuracy,0.542319749216301,638,2500,40000,bfloat16,,complete,,cb242630e7a34818545c40cac3371ff2aa16a690051a9b76a4f9d0bfa41bc8ae,50779c6
Qwen3-0.6B-Base,AIM-ZO,WiC,142,qwen06b-main-v1,accuracy,0.5360501567398119,638,2500,40000,bfloat16,,complete,,2906a843b278d8b1b0154a913faaf05b5b7d987ca1c58e2226eb82b7e5390c28,50779c6
Qwen3-0.6B-Base,AIM-ZO,WiC,242,qwen06b-main-v1,accuracy,0.5360501567398119,638,2500,40000,bfloat16,,complete,,ed97ce1be1912a04be2094a490fda99e1b8aaf160593920fedb7928245da112d,50779c6
Qwen3-0.6B-Base,AIM-ZO,WiC,342,qwen06b-main-v1,accuracy,0.5454545454545454,638,2500,40000,bfloat16,,complete,,4e3586a45a931d2ca3766ac7c15478e280dcefcd8216afe1d3c7eb457ba3ed63,50779c6
Qwen3-0.6B-Base,AIM-ZO,WiC,442,qwen06b-main-v1,accuracy,0.5862068965517241,638,2500,40000,bfloat16,,complete,,3eda611d4dd1b2c8247027ba1ef711abb6151e62d38858aca51a458ab0c4b97c,50779c6
Qwen3-0.6B-Base,MeZO,MultiRC,42,qwen06b-main-v1,answer_accuracy,0.7052392739273927,4848,20000,40000,bfloat16,,complete,,86c5316f1415516fc7e1d1bb843eff8e018126fbde2852bd15d64442f01389f6,50779c6
Qwen3-0.6B-Base,MeZO,MultiRC,142,qwen06b-main-v1,answer_accuracy,0.7458745874587459,4848,20000,40000,bfloat16,,complete,,779229fb4ffd22e4fb40a9d5f1f610bd6876875abf96f9925d02da99ec71408c,50779c6
Qwen3-0.6B-Base,MeZO,MultiRC,242,qwen06b-main-v1,answer_accuracy,0.7347359735973598,4848,20000,40000,bfloat16,,complete,,78835ffcbc74b10cb2719eaecf494903d75e3c022ba6b634850d3bc66fb4cab8,50779c6
Qwen3-0.6B-Base,MeZO,MultiRC,342,qwen06b-main-v1,answer_accuracy,0.7271039603960396,4848,20000,40000,bfloat16,,complete,,06a776e7c984e1d702deb5bb0e651de47ed82be6ab8a67f3a6cadef2395f405d,50779c6
Qwen3-0.6B-Base,MeZO,MultiRC,442,qwen06b-main-v1,answer_accuracy,0.7258663366336634,4848,20000,40000,bfloat16,,complete,,15f01b3a3a16cacdfd7fb812b79c0026dc76f53bd0d08ff3c54f690f1ccd23c0,50779c6
Qwen3-0.6B-Base,AIM-ZO,MultiRC,42,qwen06b-main-v1,answer_accuracy,0.7596947194719472,4848,2500,40000,bfloat16,,complete,,e9eb9bb7f671953c90d374728986a29a8472037045eb83b26e7a896a3f35cc0f,50779c6
Qwen3-0.6B-Base,AIM-ZO,MultiRC,142,qwen06b-main-v1,answer_accuracy,0.7722772277227723,4848,2500,40000,bfloat16,,complete,,8dca28440b65d54eb5e6a85656c9e1b2250703a6d1dfa6e90b410fd05653531f,50779c6
Qwen3-0.6B-Base,AIM-ZO,MultiRC,242,qwen06b-main-v1,answer_accuracy,0.766914191419142,4848,2500,40000,bfloat16,,complete,,dc7b0c7febeb9952c93ad613d9c61ffa5fbf83a6a74f6d4773c9e9673385f8ba,50779c6
Qwen3-0.6B-Base,AIM-ZO,MultiRC,342,qwen06b-main-v1,answer_accuracy,0.7693894389438944,4848,2500,40000,bfloat16,,complete,,279cb688a18b5ced4cf5d8152f01b6656fc90564d1beed6ea1e708b5581c4f25,50779c6
Qwen3-0.6B-Base,AIM-ZO,MultiRC,442,qwen06b-main-v1,answer_accuracy,0.7733085808580858,4848,2500,40000,bfloat16,,complete,,43f3114a6c3f44963f74f0bc8a672ca76bc8b43633f899dcc8ed5cb39d129d0d,50779c6
Qwen3-0.6B-Base,MeZO,BoolQ,42,qwen06b-main-v1,accuracy,0.7394495412844037,3270,20000,40000,bfloat16,,complete,,ddf8cbcf9ab8d6a4f132a110d1199dfbe4e7c48d45ed6a214a7d6dd9e47f336d,50779c6
Qwen3-0.6B-Base,MeZO,BoolQ,142,qwen06b-main-v1,accuracy,0.7440366972477064,3270,20000,40000,bfloat16,,complete,,729d2635a4d670debbd9dad7da4c36ec39bfe7297d6134186c29a9796c991ea9,50779c6
Qwen3-0.6B-Base,MeZO,BoolQ,242,qwen06b-main-v1,accuracy,0.7327217125382263,3270,20000,40000,bfloat16,,complete,,a17697c4dfce406a6ad0eb863ac67c52e12a1f5ea143f40d2a40e50c14039471,50779c6
Qwen3-0.6B-Base,AIM-ZO,BoolQ,42,qwen06b-main-v1,accuracy,0.7428134556574923,3270,2500,40000,bfloat16,,complete,,b2cf2d3158abddd3698590680cf26b8f06aaf6b17aebb8c82a5f0a653c799632,50779c6
Qwen3-0.6B-Base,AIM-ZO,BoolQ,142,qwen06b-main-v1,accuracy,0.7321100917431193,3270,2500,40000,bfloat16,,complete,,46d5e9cf5ae29ad86b68d82c1b7253b327eeb898289be9c746d897dc3d5fc47e,50779c6
Qwen3-0.6B-Base,AIM-ZO,BoolQ,242,qwen06b-main-v1,accuracy,0.7403669724770642,3270,2500,40000,bfloat16,,complete,,785aabbd5a4c6d07e43c16b3a96db8148e2f69044b9ad831daca1ebcd27a8493,50779c6
Qwen3-0.6B-Base,MeZO,SQuAD,42,qwen06b-main-v1,f1,0.8384266758166038,1000,20000,40000,bfloat16,20000,complete,,fc444c86583a9c60ceb9269f507b3e67ef21429b7f56e78c243af6b7494d804a,50779c6
Qwen3-0.6B-Base,MeZO,SQuAD,42,qwen06b-main-v1,em,0.758,1000,20000,40000,bfloat16,20000,complete,,fc444c86583a9c60ceb9269f507b3e67ef21429b7f56e78c243af6b7494d804a,50779c6
Qwen3-0.6B-Base,MeZO,SQuAD,142,qwen06b-main-v1,f1,0.8345832146556124,1000,20000,40000,bfloat16,11500,complete,,fa278f0bfcde8288302c71bce73ff1fd1c3ad7f1a2a8c011aec251d4746f4ba8,50779c6
Qwen3-0.6B-Base,MeZO,SQuAD,142,qwen06b-main-v1,em,0.743,1000,20000,40000,bfloat16,11500,complete,,fa278f0bfcde8288302c71bce73ff1fd1c3ad7f1a2a8c011aec251d4746f4ba8,50779c6
Qwen3-0.6B-Base,MeZO,SQuAD,242,qwen06b-main-v1,f1,0.8237536291925553,1000,20000,40000,bfloat16,14500,complete,,566fcedb3e67236088125885597c1c15623f245cca7af404c95a33706199b88f,50779c6
Qwen3-0.6B-Base,MeZO,SQuAD,242,qwen06b-main-v1,em,0.736,1000,20000,40000,bfloat16,14500,complete,,566fcedb3e67236088125885597c1c15623f245cca7af404c95a33706199b88f,50779c6
Qwen3-0.6B-Base,AIM-ZO,SQuAD,42,qwen06b-main-v1,f1,0.8236146569626639,1000,2500,40000,bfloat16,,complete,,ed642006e1f3e509c60854e1738ed7c427809f6b5c7e22239ff3abba155581d3,50779c6
Qwen3-0.6B-Base,AIM-ZO,SQuAD,42,qwen06b-main-v1,em,0.733,1000,2500,40000,bfloat16,,complete,,ed642006e1f3e509c60854e1738ed7c427809f6b5c7e22239ff3abba155581d3,50779c6
Qwen3-0.6B-Base,AIM-ZO,SQuAD,142,qwen06b-main-v1,f1,0.8223341487262412,1000,2500,40000,bfloat16,,complete,,ed37fd626c2876e02b5fbad421bfc184501f2151ac67f08cdfb67bfa21cd37cb,50779c6
Qwen3-0.6B-Base,AIM-ZO,SQuAD,142,qwen06b-main-v1,em,0.731,1000,2500,40000,bfloat16,,complete,,ed37fd626c2876e02b5fbad421bfc184501f2151ac67f08cdfb67bfa21cd37cb,50779c6
Qwen3-0.6B-Base,AIM-ZO,SQuAD,242,qwen06b-main-v1,f1,0.8131140822510351,1000,2500,40000,bfloat16,,complete,,4d38dc08da3325ae8fb03cb18bb63cb4d5a75870612fb0da6f2997016bce1293,50779c6
Qwen3-0.6B-Base,AIM-ZO,SQuAD,242,qwen06b-main-v1,em,0.722,1000,2500,40000,bfloat16,,complete,,4d38dc08da3325ae8fb03cb18bb63cb4d5a75870612fb0da6f2997016bce1293,50779c6
