model,method,dataset,protocol_id,metric,mean,sample_std,num_seeds,seed_ids,num_examples_per_seed,evaluation_scope,total_calls_per_seed,total_calls,dtype,state,provenance_status,release_config_sha256s,release_code_revision
Qwen3-0.6B-Base,MeZO,RTE,qwen06b-main-v1,accuracy,0.776173285198556,0.011127101088391668,5,42;142;242;342;442,277,,40000,,bfloat16,complete,aggregate_with_seed_rows,69faf2d7d739cd05edfed662612c19c8b2f49d18686568b7b705f5eb08676c13;52a71f65819f4690410a7383eb38fde30b697ec2b411f33bc0dbb1861db8da99;d101694c5c3231f8f037563fd5758825aec0e835a7e2179eb5be8493b21e86db;40e3cb6d52aa54a8734c5afcee17536bd34b183e467ff607a08c80234d05a222;d0d311b8c7896a939ef442d9f3f75aaaa7efc9bda0b26958ddf0ed66bb121e53,50779c6
Qwen3-0.6B-Base,AIM-ZO,RTE,qwen06b-main-v1,accuracy,0.776173285198556,0.009204006342225254,5,42;142;242;342;442,277,,40000,,bfloat16,complete,aggregate_with_seed_rows,c772e43f554233087d73c90c67c9d63a31bccdd833e16818e7db1047f09661a3;45852fb7bb2cff7303ac709703b5fbece9062a7039f425cbff41cb4f80036467;28e2c3f3f61e6943f8ea4373692910dae726a970710d8dd6c9169496ef8e1d4a;9cf5f8a4dc3b0474892cf025b0d5345b9c5d1631dfc532625f9daef36ec63427;06aef201d23359e1eda656ff106eb7858e5f74e4479ef3dface86ca35b39a842,50779c6
Qwen3-0.6B-Base,MeZO,SST-2,qwen06b-main-v1,accuracy,0.8841743119266056,0.013496103550389691,5,42;142;242;342;442,872,,40000,,bfloat16,complete,aggregate_with_seed_rows,9f855b6e764a807a22e30de64d51fa10be7f9b678dcaf6e185e830cba38a8d05;04bb760890a97861486a059515bdc933bf3e54cec8e3c13217a57c4955ef5a61;43aa1c5b323985a947979bb9ac84ede7666594345c0728a93d37d6ff16535a5b;53a1a52433f7ee2624acba00c1b33fe33998b5c84edeb4f0950ae544d67a5209;037f103aefa2e1cc1add95d756a9e57c81e28cf93212bddc7937c2ae4df91a53,50779c6
Qwen3-0.6B-Base,AIM-ZO,SST-2,qwen06b-main-v1,accuracy,0.8894495412844037,0.007003867653487378,5,42;142;242;342;442,872,,40000,,bfloat16,complete,aggregate_with_seed_rows,82c80a9f575907319e65aebf386d7572be8831c0a3bccc12a5b88ac49835b992;233d37f4c7bb5142636dbab020c836fcfc90d78406596df821285ae20e2f18ad;31fca46577f904fec0a65d126dca9a4d2f170d6b826d7f728c69cb419321b8d2;58ccb37129c4147b40b563512164e9d15fd7936aab471750f5cc23c544d67fdb;20e067301c001e603a763c152bc3a8ea3345581e5bca9abd2bce672f9a5216fe,50779c6
Qwen3-0.6B-Base,MeZO,WiC,qwen06b-main-v1,accuracy,0.5536050156739812,0.024443371397640044,5,42;142;242;342;442,638,,40000,,bfloat16,complete,aggregate_with_seed_rows,11d5fd4e72813cde27fc8e78f5df0900c5a736b33694a3c044056aaa97ecbcd9;ff3b1de321ac15e4c53831c28f7e927ab1d836fc0d823b270159e5f0fa8525f2;4886980fa6b530683686f014ff119a30ea4a82d3773bc4f6c76f89a57fac2773;753eafdbf05ef37b9da620ea34c85289e9126a9b75797a529b8b743a3c7fc5e7;61c18296d572356c568b1eba1eb84d99db2ae6a2882315925356597c4e6af1c2,50779c6
Qwen3-0.6B-Base,AIM-ZO,WiC,qwen06b-main-v1,accuracy,0.5492163009404388,0.021075531428177537,5,42;142;242;342;442,638,,40000,,bfloat16,complete,aggregate_with_seed_rows,cb242630e7a34818545c40cac3371ff2aa16a690051a9b76a4f9d0bfa41bc8ae;2906a843b278d8b1b0154a913faaf05b5b7d987ca1c58e2226eb82b7e5390c28;ed97ce1be1912a04be2094a490fda99e1b8aaf160593920fedb7928245da112d;4e3586a45a931d2ca3766ac7c15478e280dcefcd8216afe1d3c7eb457ba3ed63;3eda611d4dd1b2c8247027ba1ef711abb6151e62d38858aca51a458ab0c4b97c,50779c6
Qwen3-0.6B-Base,MeZO,BoolQ,qwen06b-main-v1,accuracy,0.7387359836901121,0.005691141631889032,3,42;142;242,3270,,40000,,bfloat16,complete,aggregate_with_seed_rows,ddf8cbcf9ab8d6a4f132a110d1199dfbe4e7c48d45ed6a214a7d6dd9e47f336d;729d2635a4d670debbd9dad7da4c36ec39bfe7297d6134186c29a9796c991ea9;a17697c4dfce406a6ad0eb863ac67c52e12a1f5ea143f40d2a40e50c14039471,50779c6
Qwen3-0.6B-Base,AIM-ZO,BoolQ,qwen06b-main-v1,accuracy,0.7384301732925586,0.005608377045251342,3,42;142;242,3270,,40000,,bfloat16,complete,aggregate_with_seed_rows,b2cf2d3158abddd3698590680cf26b8f06aaf6b17aebb8c82a5f0a653c799632;46d5e9cf5ae29ad86b68d82c1b7253b327eeb898289be9c746d897dc3d5fc47e;785aabbd5a4c6d07e43c16b3a96db8148e2f69044b9ad831daca1ebcd27a8493,50779c6
Qwen3-0.6B-Base,AIM-ZO,MultiRC,,answer_accuracy,0.7683168316831683,0.005432793978348502,5,42;142;242;342;442,,official_full,,40000,,complete,aggregate_with_seed_rows,e9eb9bb7f671953c90d374728986a29a8472037045eb83b26e7a896a3f35cc0f;8dca28440b65d54eb5e6a85656c9e1b2250703a6d1dfa6e90b410fd05653531f;dc7b0c7febeb9952c93ad613d9c61ffa5fbf83a6a74f6d4773c9e9673385f8ba;279cb688a18b5ced4cf5d8152f01b6656fc90564d1beed6ea1e708b5581c4f25;43f3114a6c3f44963f74f0bc8a672ca76bc8b43633f899dcc8ed5cb39d129d0d,50779c6
Qwen3-0.6B-Base,AIM-ZO,MultiRC,,f1a,0.7298979904075748,0.008465883769017418,5,42;142;242;342;442,,official_full,,40000,,complete,aggregate_only_grouped_metric,e9eb9bb7f671953c90d374728986a29a8472037045eb83b26e7a896a3f35cc0f;8dca28440b65d54eb5e6a85656c9e1b2250703a6d1dfa6e90b410fd05653531f;dc7b0c7febeb9952c93ad613d9c61ffa5fbf83a6a74f6d4773c9e9673385f8ba;279cb688a18b5ced4cf5d8152f01b6656fc90564d1beed6ea1e708b5581c4f25;43f3114a6c3f44963f74f0bc8a672ca76bc8b43633f899dcc8ed5cb39d129d0d,50779c6
Qwen3-0.6B-Base,AIM-ZO,MultiRC,,em,0.3227701993704093,0.014303092727393191,5,42;142;242;342;442,,official_full,,40000,,complete,aggregate_only_grouped_metric,e9eb9bb7f671953c90d374728986a29a8472037045eb83b26e7a896a3f35cc0f;8dca28440b65d54eb5e6a85656c9e1b2250703a6d1dfa6e90b410fd05653531f;dc7b0c7febeb9952c93ad613d9c61ffa5fbf83a6a74f6d4773c9e9673385f8ba;279cb688a18b5ced4cf5d8152f01b6656fc90564d1beed6ea1e708b5581c4f25;43f3114a6c3f44963f74f0bc8a672ca76bc8b43633f899dcc8ed5cb39d129d0d,50779c6
Qwen3-0.6B-Base,MeZO,MultiRC,,answer_accuracy,0.7277640264026403,0.014899680005929717,5,42;142;242;342;442,,official_full,,40000,,complete,aggregate_with_seed_rows,86c5316f1415516fc7e1d1bb843eff8e018126fbde2852bd15d64442f01389f6;779229fb4ffd22e4fb40a9d5f1f610bd6876875abf96f9925d02da99ec71408c;78835ffcbc74b10cb2719eaecf494903d75e3c022ba6b634850d3bc66fb4cab8;06a776e7c984e1d702deb5bb0e651de47ed82be6ab8a67f3a6cadef2395f405d;15f01b3a3a16cacdfd7fb812b79c0026dc76f53bd0d08ff3c54f690f1ccd23c0,50779c6
Qwen3-0.6B-Base,MeZO,MultiRC,,f1a,0.664424507914049,0.02190186619331294,5,42;142;242;342;442,,official_full,,40000,,complete,aggregate_only_grouped_metric,86c5316f1415516fc7e1d1bb843eff8e018126fbde2852bd15d64442f01389f6;779229fb4ffd22e4fb40a9d5f1f610bd6876875abf96f9925d02da99ec71408c;78835ffcbc74b10cb2719eaecf494903d75e3c022ba6b634850d3bc66fb4cab8;06a776e7c984e1d702deb5bb0e651de47ed82be6ab8a67f3a6cadef2395f405d;15f01b3a3a16cacdfd7fb812b79c0026dc76f53bd0d08ff3c54f690f1ccd23c0,50779c6
Qwen3-0.6B-Base,MeZO,MultiRC,,em,0.24554039874081848,0.0260328147535263,5,42;142;242;342;442,,official_full,,40000,,complete,aggregate_only_grouped_metric,86c5316f1415516fc7e1d1bb843eff8e018126fbde2852bd15d64442f01389f6;779229fb4ffd22e4fb40a9d5f1f610bd6876875abf96f9925d02da99ec71408c;78835ffcbc74b10cb2719eaecf494903d75e3c022ba6b634850d3bc66fb4cab8;06a776e7c984e1d702deb5bb0e651de47ed82be6ab8a67f3a6cadef2395f405d;15f01b3a3a16cacdfd7fb812b79c0026dc76f53bd0d08ff3c54f690f1ccd23c0,50779c6
Qwen3-0.6B-Base,MeZO,SQuAD,qwen06b-main-v1,f1,0.8322545065549238,0.007608661864712754,3,42;142;242,1000,,40000,,bfloat16,complete,aggregate_with_seed_rows,fc444c86583a9c60ceb9269f507b3e67ef21429b7f56e78c243af6b7494d804a;fa278f0bfcde8288302c71bce73ff1fd1c3ad7f1a2a8c011aec251d4746f4ba8;566fcedb3e67236088125885597c1c15623f245cca7af404c95a33706199b88f,50779c6
Qwen3-0.6B-Base,MeZO,SQuAD,qwen06b-main-v1,em,0.7456666666666667,0.011239810200058254,3,42;142;242,1000,,40000,,bfloat16,complete,aggregate_with_seed_rows,fc444c86583a9c60ceb9269f507b3e67ef21429b7f56e78c243af6b7494d804a;fa278f0bfcde8288302c71bce73ff1fd1c3ad7f1a2a8c011aec251d4746f4ba8;566fcedb3e67236088125885597c1c15623f245cca7af404c95a33706199b88f,50779c6
Qwen3-0.6B-Base,AIM-ZO,SQuAD,qwen06b-main-v1,f1,0.8196876293133134,0.005728749084300852,3,42;142;242,1000,,40000,,bfloat16,complete,aggregate_with_seed_rows,ed642006e1f3e509c60854e1738ed7c427809f6b5c7e22239ff3abba155581d3;ed37fd626c2876e02b5fbad421bfc184501f2151ac67f08cdfb67bfa21cd37cb;4d38dc08da3325ae8fb03cb18bb63cb4d5a75870612fb0da6f2997016bce1293,50779c6
Qwen3-0.6B-Base,AIM-ZO,SQuAD,qwen06b-main-v1,em,0.7286666666666667,0.005859465277082277,3,42;142;242,1000,,40000,,bfloat16,complete,aggregate_with_seed_rows,ed642006e1f3e509c60854e1738ed7c427809f6b5c7e22239ff3abba155581d3;ed37fd626c2876e02b5fbad421bfc184501f2151ac67f08cdfb67bfa21cd37cb;4d38dc08da3325ae8fb03cb18bb63cb4d5a75870612fb0da6f2997016bce1293,50779c6
