model_checkpoint,layer,r,K,e_act_squared
qwen_step500,0,8,8,0.170767
qwen_step500,0,8,16,0.050925
qwen_step500,0,8,32,0.018599
qwen_step500,0,8,64,0.015934
qwen_step500,0,8,128,0.014056
qwen_step500,18,8,8,0.060154
qwen_step500,18,8,16,0.040530
qwen_step500,18,8,32,0.017196
qwen_step500,18,8,64,0.011121
qwen_step500,18,8,128,0.008861
qwen_step500,35,8,8,0.225945
qwen_step500,35,8,16,0.135237
qwen_step500,35,8,32,0.060185
qwen_step500,35,8,64,0.026378
qwen_step500,35,8,128,0.016423
qwen_step2500,0,8,8,0.147257
qwen_step2500,0,8,16,0.045239
qwen_step2500,0,8,32,0.018912
qwen_step2500,0,8,64,0.015975
qwen_step2500,0,8,128,0.012517
qwen_step2500,18,8,8,0.047878
qwen_step2500,18,8,16,0.033565
qwen_step2500,18,8,32,0.016332
qwen_step2500,18,8,64,0.010075
qwen_step2500,18,8,128,0.008044
qwen_step2500,35,8,8,0.277424
qwen_step2500,35,8,16,0.123193
qwen_step2500,35,8,32,0.055210
qwen_step2500,35,8,64,0.029910
qwen_step2500,35,8,128,0.015141
opt_step2000,0,8,8,0.140941
opt_step2000,0,8,16,0.071076
opt_step2000,0,8,32,0.021800
opt_step2000,0,8,64,0.012340
opt_step2000,0,8,128,0.008904
opt_step2000,16,8,8,0.032520
opt_step2000,16,8,16,0.019835
opt_step2000,16,8,32,0.010631
opt_step2000,16,8,64,0.004343
opt_step2000,16,8,128,0.003193
opt_step2000,31,8,8,0.144532
opt_step2000,31,8,16,0.116513
opt_step2000,31,8,32,0.063123
opt_step2000,31,8,64,0.051150
opt_step2000,31,8,128,0.039875
opt30b_step1000,0,8,8,0.141431
opt30b_step1000,0,8,16,0.108138
opt30b_step1000,0,8,32,0.084383
opt30b_step1000,0,8,64,0.030798
opt30b_step1000,0,8,128,0.014586
opt30b_step1000,24,8,8,0.007643
opt30b_step1000,24,8,16,0.004048
opt30b_step1000,24,8,32,0.001758
opt30b_step1000,24,8,64,0.001298
opt30b_step1000,24,8,128,0.001156
opt30b_step1000,47,8,8,0.143599
opt30b_step1000,47,8,16,0.106490
opt30b_step1000,47,8,32,0.054842
opt30b_step1000,47,8,64,0.035200
opt30b_step1000,47,8,128,0.026888
