file,category,validity,sha256
report.md,complete_report,primary,7da903a41deadee2aeb30e11edef269b6659dc3fbf1abe167715efa34cae9023
assumption2-k-sweep.csv,assumption_2_width_sweep,primary,4ad8505401abf1ad4046c56e6bddf26b77d982cfc77b61f761f6fed85ad90129
artifacts/qwen3-4b-full-train-gradient-summary.json,moving_trajectory_assumption_1,primary,0a361a17412e94ac95311b56eb65c9b73ccb246448fd67353a0a05c3a296b65d
artifacts/opt27b-full-train-gradient-summary.json,moving_trajectory_assumption_1,primary,5ae56ca6a1f90cdd8c2dbabbb561eec53d3803b2e7399fdf66e8bdf0f95d626d
artifacts/qwen3-4b-full-gradient-activation-summary.json,moving_trajectory_assumption_2,primary,9da89f1b5941372cec5562ff091c28cf7e0e0a134a6b878c93106d870a2377b8
artifacts/opt27b-full-gradient-activation-summary.json,moving_trajectory_assumption_2,primary,240534578f17dfa67e5e1dde73484654dc6426ca7336b306d71e479187b36074
artifacts/qwen3-4b-cross-batch-oja-current-summary.json,cross_batch_oja_current,primary,69479d89d83a09d501f3a0d7d586bb38b366d7a6a938e7fc093230b94173f4ee
artifacts/opt27b-cross-batch-oja-current-summary.json,cross_batch_oja_current,primary,1af2989a0aaed424c0746b66b401a96dfdf108300f8dbfc13de3ccb430c0ef3b
artifacts/qwen3-4b-step500-structure-strict.json,frozen_structure,supplemental,dde0506d9dde845966b03f568a9bcc5fb2d9aa694a97b52666db6ba6b3124dfa
artifacts/qwen3-4b-step2500-structure-strict.json,frozen_structure,supplemental,730e1edbebe478c56553c7cdc2afec3551812a4353c8b1e8cecfa837c06d051d
artifacts/opt27b-step2000-structure-strict.json,frozen_structure,supplemental,72849bc5728c4507101ac4641c49b078ee45c8178232313743fd0adec5c5086d
artifacts/qwen3-4b-step500-rank-sweep.json,assumption_1_rank_sweep,supplemental,071338780ea08d90beffc740fcba1718ca96339796d13a10130f89b460da5634
artifacts/qwen3-4b-step2500-rank-sweep.json,assumption_1_rank_sweep,supplemental,d72ef863133a2b2b96b3aeb4bb63aad3493a7aabd74b812d72795b61acf372db
artifacts/opt27b-step2000-rank-sweep.json,assumption_1_rank_sweep,supplemental,eb9d812b80dac93b467f5a7cc59dd15bddb3a044fb53d9f828419cf204d153e5
artifacts/opt30b-step1000-k-sweep.json,assumption_2_width_sweep,supplemental,d165edabfb1610693fddb0cbdeed14c0fd81c1a53b0bcf6af3e512bed4bd4b8a
artifacts/opt30b-step1000-rank-sweep.json,assumption_1_rank_sweep,supplemental,d03dc7fcbf2242ccddfeb0c4eba264d48855827451f11e67ff2fc6e2877563d3
artifacts/qwen3-4b-oja-tracking.json,stationary_oja_tracking,supplemental,8b1ce367d64823b0bab98b79ea71e2b28a41998bb43cd2ad6591846fb7cc1a31
artifacts/qwen3-4b-population-rloo-fp32.json,population_rloo_mse,primary,2eb4e89dd36ff6103a7a023072fbf468cbf4f8abcbefa74b4083e98a4ca68d13
artifacts/opt27b-population-rloo-fp32.json,population_rloo_mse,primary,20c5790e446c2f007823f039571dab0da5ad17bd46ce4e016607a97fc2ee9880
artifacts/qwen3-4b-aqt-learned-random-dense-fp32.json,learned_random_dense_control,primary,38b90f0d371aee6c7430f253211270aa8c14549feec533ce549d588a6c205b32
artifacts/opt27b-aqt-learned-random-dense-fp32.json,learned_random_dense_control,primary,9a85da43e67df6930e54950426bedd6388cb67a339d3276274e255ccd10fc6f8
artifacts/qwen3-4b-exact-train-gradient-eps-sweep.json,exact_train_gradient_epsilon_sweep,primary,0059daae36c797aa7aa2b7b6b8f853485f733b2f12d549ffd2720b5ae6994e07
artifacts/opt27b-exact-train-gradient-eps-sweep.json,exact_train_gradient_epsilon_sweep,primary,902d78c81cff36e0c5070a00648b6f055893254803027a7e761e04cd27dcf450
artifacts/qwen3-4b-implementation-op-tp-bf16.json,implementation_direction_alignment,supplemental,2d9e980c7e892d16a5e5bcf832a6140ede2efd55b172ec4e088e0bc578657037
artifacts/opt27b-implementation-op-tp-bf16.json,implementation_direction_alignment,supplemental,d471d03a288c91b597e2aabf560265b3c95e5f44dd84ec74bf07fc95cda9bb07
artifacts/qwen3-4b-fixed-width-capture-linear.json,fixed_width_capture_quality_exact_linear,primary,3d4605791d239a4faba0dfe22bee8538240871a8a72234c753565fc904903e52
artifacts/opt27b-fixed-width-capture-linear.json,fixed_width_capture_quality_exact_linear,primary,68d1072e682f474188ac7b457ee4a6395ca2dcd1275336690c45c285f47e2457
artifacts/capture-quality-real-loss/opt-2.7b-step2000-eps1e-3-v1.json,fixed_width_capture_quality_real_loss,primary,0c8b1581b4d7649190fa2383a76f12d06dd89ecfcc869c275582bbdebb053aa9
artifacts/capture-quality-real-loss/opt-2.7b-step2000-eps2p57e-5-v1.json,fixed_width_capture_quality_real_loss,primary,97406c5bdd7af9cdaf97bcb4907dbb5f45877c241d3a4c37cfb0290e38ba4392
artifacts/capture-quality-real-loss/opt-2.7b-step2008-eps1e-3-v1.json,fixed_width_capture_quality_real_loss,primary,b2335a53bab4b23e2d9af0951df229fbe5049396084686316dada0638d930a93
artifacts/capture-quality-real-loss/opt-2.7b-step2008-eps2p57e-5-v1.json,fixed_width_capture_quality_real_loss,primary,d3835ba277b602534d05647b10b4995fae6ed4c410c51833d9d2825d494a8cc5
artifacts/capture-quality-real-loss/opt-2.7b-step2015-eps1e-3-v1.json,fixed_width_capture_quality_real_loss,primary,199d87b34f14c0c74eb04c5a59d731c6c6393ec4ccbe3b731c787f8ea922d772
artifacts/capture-quality-real-loss/opt-2.7b-step2015-eps2p57e-5-v1.json,fixed_width_capture_quality_real_loss,primary,b13f393141016395e2c55370582e083032d35937e890dfc887c9ccb320d340af
artifacts/capture-quality-real-loss/qwen3-4b-step500-eps1e-3-v1.json,fixed_width_capture_quality_real_loss,primary,5c82c77cc908f04566e3ff15ed0d5aeeb448246d87a2545226df8f6e98049a77
artifacts/capture-quality-real-loss/qwen3-4b-step500-eps6e-5-v1.json,fixed_width_capture_quality_real_loss,primary,fb07beb5f8817824518691c4e68498fd54e0774f8c7744e9631d03c08ff3dfb7
artifacts/capture-quality-real-loss/qwen3-4b-step508-eps1e-3-v1.json,fixed_width_capture_quality_real_loss,primary,260670052da9914f453a6a41ba86d2a4f9619d9dba3ac2d85c6bdb09fcdd2d91
artifacts/capture-quality-real-loss/qwen3-4b-step508-eps6e-5-v1.json,fixed_width_capture_quality_real_loss,primary,285c85634a705c67c0b000b42953bde2fc8a7a2945d46c845626c3a7e2205f17
artifacts/capture-quality-real-loss/qwen3-4b-step515-eps1e-3-v1.json,fixed_width_capture_quality_real_loss,primary,8bfcc34fe409ef1e385db238802afb31307d50266458d43e8173c113c74035d7
artifacts/capture-quality-real-loss/qwen3-4b-step515-eps6e-5-v1.json,fixed_width_capture_quality_real_loss,primary,ebda3d598bf6625d3b0f65af86b1edd1aa1c586efebde7414f36788dac7e6749
artifacts/capture-quality-real-loss/summary.json,fixed_width_capture_quality_real_loss,primary,36acdd6a9bd80841c6cdb987c8303acfdba94663a4612c17248e169404b35596
artifacts/capture-quality-real-loss/summary_by_quality.csv,fixed_width_capture_quality_real_loss,primary,476c53899cc2c7b5cf2a76d1b8263b6c8244187d5a54a64ab3327312c1dc4093
