scope,model,family,N,cells,top_capture,mix_expected_capture,J_top,J_mix,top_cos,mix_cos,delta_cos,relative_cos_gain_percent,top_cos_wins
primary_seed42_update128,opt27b,full_gaussian,15,72,0.6981425195105223,0.6921245837255907,0.0016352374215054062,0.0016271526042436972,0.0075415206754522734,0.0075033110749971425,3.8209600455130495e-05,0.5092365233590564,61
primary_seed42_update128,opt27b,full_gaussian,4,72,0.6981425195105223,0.6921245837255907,0.0016352374215054062,0.0016271526042436972,0.0032541581755301196,0.0032425275195634437,1.1630655966676023e-05,0.35869104877302355,47
primary_seed42_update128,opt27b,rank_one,15,72,0.6981425195105223,0.6921245837255907,0.0016352374215054062,0.0016271526042436972,0.007276779921418653,0.007244654758208033,3.2125163210619913e-05,0.4434326311301835,53
primary_seed42_update128,opt27b,rank_one,4,72,0.6981425195105223,0.6921245837255907,0.0016352374215054062,0.0016271526042436972,0.003057010860561338,0.0030416020628152287,1.5408797746109374e-05,0.5066013708528125,46
primary_seed42_update128,opt27b,rank_one_layer_fro,15,72,0.6981425195105223,0.6921245837255907,0.0016352374215054062,0.0016271526042436972,0.007360339746965219,0.007322746548789133,3.7593198176086195e-05,0.5133756566011763,57
primary_seed42_update128,opt27b,rank_one_layer_fro,4,72,0.6981425195105223,0.6921245837255907,0.0016352374215054062,0.0016271526042436972,0.0030893829120548113,0.0030800498416566416,9.333070398169597e-06,0.3030168626475763,41
primary_seed42_update128,qwen4b,full_gaussian,15,72,0.6843524767422369,0.6820133827563197,0.0012602362422855702,0.0012580391203074772,0.005819284301164863,0.005811449816037418,7.834485127444396e-06,0.13481119815960832,48
primary_seed42_update128,qwen4b,full_gaussian,4,72,0.6843524767422369,0.6820133827563197,0.0012602362422855702,0.0012580391203074772,0.0025109833166378024,0.002508741360757356,2.2419558804462287e-06,0.08936576386532774,40
primary_seed42_update128,qwen4b,rank_one,15,72,0.6843524767422369,0.6820133827563197,0.0012602362422855702,0.0012580391203074772,0.005592079410995221,0.0055812139836811546,1.0865427314066969e-05,0.19467856537728645,49
primary_seed42_update128,qwen4b,rank_one,4,72,0.6843524767422369,0.6820133827563197,0.0012602362422855702,0.0012580391203074772,0.0023338153276673186,0.0023305845719123926,3.2307557549261156e-06,0.13862426594007166,39
primary_seed42_update128,qwen4b,rank_one_layer_fro,15,72,0.6843524767422369,0.6820133827563197,0.0012602362422855702,0.0012580391203074772,0.005666758444098208,0.0056568162766745195,9.942167423688276e-06,0.17575552992032106,50
primary_seed42_update128,qwen4b,rank_one_layer_fro,4,72,0.6843524767422369,0.6820133827563197,0.0012602362422855702,0.0012580391203074772,0.0023633786382549005,0.00236324258491147,1.360533434304768e-07,0.005757062110302719,40
all_Q_initializations_and_snapshots,opt27b,full_gaussian,15,648,0.6950940222220524,0.6868031430619723,0.001631082221169628,0.0016201300975763348,0.007513854464315233,0.007462936992613014,5.091747170221935e-05,0.6822712258272934,554
all_Q_initializations_and_snapshots,opt27b,full_gaussian,4,648,0.6950940222220524,0.6868031430619723,0.001631082221169628,0.0016201300975763348,0.0032603121563118884,0.003238638480362185,2.1673675949703133e-05,0.6692218375445015,458
all_Q_initializations_and_snapshots,opt27b,rank_one,15,648,0.6950940222220524,0.6868031430619723,0.001631082221169628,0.0016201300975763348,0.007247898964054584,0.007198636762271287,4.926220178329593e-05,0.68432681645341,538
all_Q_initializations_and_snapshots,opt27b,rank_one,4,648,0.6950940222220524,0.6868031430619723,0.001631082221169628,0.0016201300975763348,0.0030544193333856538,0.003034007809294012,2.0411524091641624e-05,0.6727577967701808,455
all_Q_initializations_and_snapshots,opt27b,rank_one_layer_fro,15,648,0.6950940222220524,0.6868031430619723,0.001631082221169628,0.0016201300975763348,0.007326285366018256,0.007277830757194247,4.845460882400859e-05,0.6657836715440307,530
all_Q_initializations_and_snapshots,opt27b,rank_one_layer_fro,4,648,0.6950940222220524,0.6868031430619723,0.001631082221169628,0.0016201300975763348,0.0030651040890633365,0.0030427302203256085,2.237386873772789e-05,0.7353221323490723,470
all_Q_initializations_and_snapshots,qwen4b,full_gaussian,15,648,0.6619048652076636,0.6559082213672025,0.001232901755045963,0.0012275265636327998,0.005679551234260384,0.005656696242246291,2.2854992014093465e-05,0.4040342814133092,481
all_Q_initializations_and_snapshots,qwen4b,full_gaussian,4,648,0.6619048652076636,0.6559082213672025,0.001232901755045963,0.0012275265636327998,0.002465364007754445,0.002453808695252743,1.1555312501701711e-05,0.4709133407203739,432
all_Q_initializations_and_snapshots,qwen4b,rank_one,15,648,0.6619048652076636,0.6559082213672025,0.001232901755045963,0.0012275265636327998,0.005449373591663558,0.005424081731982983,2.5291859680575217e-05,0.46628832178988566,485
all_Q_initializations_and_snapshots,qwen4b,rank_one,4,648,0.6619048652076636,0.6559082213672025,0.001232901755045963,0.0012275265636327998,0.0022891784678846314,0.002278955963106163,1.022250477846814e-05,0.44856087366142466,430
all_Q_initializations_and_snapshots,qwen4b,rank_one_layer_fro,15,648,0.6619048652076636,0.6559082213672025,0.001232901755045963,0.0012275265636327998,0.0055202787574603895,0.005495580716425535,2.4698041034854825e-05,0.4494164003639466,484
all_Q_initializations_and_snapshots,qwen4b,rank_one_layer_fro,4,648,0.6619048652076636,0.6559082213672025,0.001232901755045963,0.0012275265636327998,0.0022949294296399133,0.0022865290880799555,8.400341559957835e-06,0.36738397966376934,419
