model,method,dataset,seed,protocol_id,evaluation_scope,metric,value,dtype,training_status,official_status,quality_flag,artifact_sha256,release_config_sha256,release_code_revision
OPT-13B,MeZO,WSC,42,opt13b-zero-metric-fill-v1,official_full,accuracy,0.625,bfloat16,complete,published,,5aa5ba7692f9e8cf1b34d5c39bb47bfac576149580371df0cb12381c802514c2,696dfb9835de08cc9285804c401ed118e467d151a65aed1deea28aeadc993eaa,50779c6
OPT-13B,MeZO,WSC,142,opt13b-zero-metric-fill-v1,official_full,accuracy,0.5576923076923077,bfloat16,complete,published,,4a9aea089b5105b54f0f48468c5cd6d663321aa1cfe15dddf0c15e2dcde1d88a,d946b637f7494729ba79416ea6f47575ffa8f5eb436e9107ff4b47900bc15a1c,50779c6
OPT-13B,MeZO,WSC,242,opt13b-zero-metric-fill-v1,official_full,accuracy,0.4519230769230769,bfloat16,complete,published,,92439b64bec10164aa7355c440804cc0fb2bafc1fb10f122fa76a62570ca82ad,041efeb5d65767c57e8c370ace441601b66a45583a7943a197ec4cd9b26386aa,50779c6
OPT-13B,MeZO,SQuAD,42,opt13b-unified-fullparam-generation-ce-v1,official_subset_1000,f1,0.5719220663876442,bfloat16,complete,published,,7e12c7187065efbed0bc82a8dbe05251f081498f59e93e2c42d46fe56cd466b9,3b9e45af12685f7cc03dab7071e5c36c7b15649ad7ee10c372b593514d0ddd14,50779c6
OPT-13B,MeZO,SQuAD,42,opt13b-unified-fullparam-generation-ce-v1,official_subset_1000,em,0.423,bfloat16,complete,published,,9c96e362a6b2b734eabcdb74cfc1dbf15a07b27134b9d4423ba931638d7e62e6,3b9e45af12685f7cc03dab7071e5c36c7b15649ad7ee10c372b593514d0ddd14,50779c6
OPT-13B,MeZO,SQuAD,142,opt13b-unified-fullparam-generation-ce-v1,official_subset_1000,f1,0.6002949330404977,bfloat16,complete,published,,3df7006ceb81be35845b0b639762f3e440c6ee3dcb387df42c3d879eac0bdc0c,2dac4c26ddc85f4eb3b3fd2f0a4f2b57be3090e58a7a360fb6c19e6d0b8affcc,50779c6
OPT-13B,MeZO,SQuAD,142,opt13b-unified-fullparam-generation-ce-v1,official_subset_1000,em,0.458,bfloat16,complete,published,,5d2192af8a208edfb75a70e427e6243a2a4582257d90d739e452d7caa503ab76,2dac4c26ddc85f4eb3b3fd2f0a4f2b57be3090e58a7a360fb6c19e6d0b8affcc,50779c6
OPT-13B,MeZO,SQuAD,242,opt13b-unified-fullparam-generation-ce-v1,official_subset_1000,f1,0.5868411725906288,bfloat16,complete,published,,475a3d8992f3747f1c36b6887cc7676d20d92e91c873daac4328d7a8c5466918,c227147cec963968f0f7944ad0c1bb8be5786a5907f33047a69766172e23e62a,50779c6
OPT-13B,MeZO,SQuAD,242,opt13b-unified-fullparam-generation-ce-v1,official_subset_1000,em,0.443,bfloat16,complete,published,,f4648bf5984452b6deedab1de16a637c12d4472849768b317af4bc63deb2ef9e,c227147cec963968f0f7944ad0c1bb8be5786a5907f33047a69766172e23e62a,50779c6
OPT-13B,AIM-ZO,WSC,42,opt13b-zero-metric-fill-v1,official_full,accuracy,0.5673076923076923,bfloat16,complete,published,,3a234768479ea1661deeb480f00f8827a6ab1514cb61f0a9e10e0e91564bda36,dcf5875dbf32c1ffc0a04e1f13a42e9f530821daa418735bd87f700f63516f50,50779c6
OPT-13B,AIM-ZO,WSC,142,opt13b-zero-metric-fill-v1,official_full,accuracy,0.5480769230769231,bfloat16,complete,published,,2e9a99baa44d3b25fb0eebf58046dfde44626cfb58735e33a29b6ff820ccfd2b,898ac880fd0c95f4b38f3447a2d126a19f01c64fbd15ba349e935bb57dd6e2a0,50779c6
OPT-13B,AIM-ZO,WSC,242,opt13b-zero-metric-fill-v1,official_full,accuracy,0.5961538461538461,bfloat16,complete,published,,c7801feaca045075e9ab2ce777adbf98150310971c4778ab1968dcb73c80c5c6,f6dd03ff545841cf0931339cae9a0afa9a6da05b742c31b2ba18103ba277d5d1,50779c6
OPT-13B,AIM-ZO,SQuAD,42,opt13b-zero-metric-fill-v1,official_subset_1000,f1,0.8165561835423051,bfloat16,complete,published,,57f7ab09ccff1e2ffcc657ab74470fb86ded14947b9f2af50c0bfa49865dcf02,ac36fc172c0fc36dbf425df80060dd3bacff07f600273180c44cafa3a10da295,50779c6
OPT-13B,AIM-ZO,SQuAD,42,opt13b-zero-metric-fill-v1,official_subset_1000,em,0.709,bfloat16,complete,published,,57f7ab09ccff1e2ffcc657ab74470fb86ded14947b9f2af50c0bfa49865dcf02,ac36fc172c0fc36dbf425df80060dd3bacff07f600273180c44cafa3a10da295,50779c6
OPT-13B,AIM-ZO,SQuAD,142,opt13b-zero-metric-fill-v1,official_subset_1000,f1,0.8177799738681847,bfloat16,complete,published,,1fc31e745c73f8755bf4371a752318a8fbd9bf9147be97afd72620d4f381285a,110e95e9115df48609a5d8aa1453716493e4297d66ab7480739101a3df6f9b07,50779c6
OPT-13B,AIM-ZO,SQuAD,142,opt13b-zero-metric-fill-v1,official_subset_1000,em,0.709,bfloat16,complete,published,,1fc31e745c73f8755bf4371a752318a8fbd9bf9147be97afd72620d4f381285a,110e95e9115df48609a5d8aa1453716493e4297d66ab7480739101a3df6f9b07,50779c6
OPT-13B,AIM-ZO,SQuAD,242,opt13b-zero-metric-fill-v1,official_subset_1000,f1,0.8130372349879054,bfloat16,complete,published,,b90f136b14bef7d8d60818e8560d0708e0f49835aadb49e5abe866e7d7f95caa,e46aa8f5b3a4008690c383a39c0b917d59f9ca4193bbd62cc74c9ad4c75af804,50779c6
OPT-13B,AIM-ZO,SQuAD,242,opt13b-zero-metric-fill-v1,official_subset_1000,em,0.714,bfloat16,complete,published,,b90f136b14bef7d8d60818e8560d0708e0f49835aadb49e5abe866e7d7f95caa,e46aa8f5b3a4008690c383a39c0b917d59f9ca4193bbd62cc74c9ad4c75af804,50779c6
OPT-13B,HiZOO,RTE,42,opt13b-hizoo-40kcalls-fp16-v1,official_full,accuracy,0.7328519855595668,float16,complete,published,,8f08a3f760ca4284ab0bed45a5f99e51c2f922d162e4c97f22260da05daedf34,29bd94cc84638e9981a376a72393a2d197903030ce1a61cb02a7428ee5f710d6,50779c6
OPT-13B,HiZOO,RTE,142,opt13b-hizoo-40kcalls-fp16-v1,official_full,accuracy,0.7545126353790613,float16,complete,published,,1681475a58e4679cbe8ccf4b26e2aa79f2d26bc17bde09de1449dcaf2519d2da,5a894fca9219d5178ccbc59ed4ca37e6386f244d24f04ab53ec3e95354f0a860,50779c6
OPT-13B,HiZOO,RTE,242,opt13b-hizoo-40kcalls-fp16-v1,official_full,accuracy,0.7220216606498195,float16,complete,published,,f0c5f4f9b33ee9ff246baf43aaf8ae217284cca9746e1f7324abc9e8e0bb2ca0,2e9964a97c4c6f6c9dc97c8dd8eb66b8a70b84ca3d5282dd2ddab2c2f4e27dbb,50779c6
OPT-13B,HiZOO,SST-2,42,opt13b-hizoo-40kcalls-fp16-v1,official_full,accuracy,0.9231651376146789,float16,complete,published,,22325340b3e41c3cdba49d1e1d0dc574f7972eced08b68791c8167ed7c6f4ba0,f244f207dfd35c488a914963591b6a65b0f6875dd12b688c49db6c3cd243d8ed,50779c6
OPT-13B,HiZOO,SST-2,142,opt13b-hizoo-40kcalls-fp16-v1,official_full,accuracy,0.9288990825688074,float16,complete,published,,718768b01c759ec39075fd8f72f79a8187d745e240aac145ffd098fefde8947d,070e0aa1643b502a017c7c73432eb9cf80e7ee8eae1514d0c168c117a91b8c13,50779c6
OPT-13B,HiZOO,SST-2,242,opt13b-hizoo-40kcalls-fp16-v1,official_full,accuracy,0.8967889908256881,float16,complete,published,,674e39d138cf5ca42a5aa773631f2b921c13e826396e38ed5a0653e90c21a175,f42f5679d8b5c05fd41cb2e0123abf92ef1fe9bd9f2c0e1937259e6b9ea2653f,50779c6
OPT-13B,HiZOO,BoolQ,42,opt13b-hizoo-40kcalls-fp16-v1,official_full,accuracy,0.7165137614678899,float16,complete,published,,33465a33a5f573b26bd73f2c01cd6465c8cfbf272a05068be14f68c5df61289d,0ca25175e790675a69ad5f7c17a116304091e3074e75574722865bcb6b954552,50779c6
OPT-13B,HiZOO,BoolQ,142,opt13b-hizoo-40kcalls-fp16-v1,official_full,accuracy,0.7165137614678899,float16,complete,published,,0d257dc8579e12066b76f5d65886ec2ccc98e023dcec1724df252c9a40a16ea3,67b3b5f970779ddb10f4bc6c1f8694d65247057ee327adbe4847f384c454dceb,50779c6
OPT-13B,HiZOO,BoolQ,242,opt13b-hizoo-40kcalls-fp16-v1,official_full,accuracy,0.7143730886850153,float16,complete,published,,edafb8ee5120b581eff639fa488b4b627387ba04f5e3c498f7488fef6f0b6467,ff8ee93f6da9bce221064340bf4d78533f52434bafd937f72d153b14dd947298,50779c6
OPT-13B,HiZOO,WiC,42,opt13b-hizoo-40kcalls-fp16-v1,official_full,accuracy,0.5940438871473355,float16,complete,published,,e6edf2cc279750a183290db3eca1758ddf6f0bcd1abb9055fdf63a73b31eb88c,d2b94cffdd4323b8e4ce5e88a32f1a48ad49077ff77e7123942ddeccad0a11ea,50779c6
OPT-13B,HiZOO,WiC,142,opt13b-hizoo-40kcalls-fp16-v1,official_full,accuracy,0.5956112852664577,float16,complete,published,,5ac083ea79e3a73132990d4d0abde9c64911f8327d67289ca8f9690b00358afe,99caf282e9ed8b0b6d43406a51c2713257426114d2b6507e8fea81a2f88dbac3,50779c6
OPT-13B,HiZOO,WiC,242,opt13b-hizoo-40kcalls-fp16-v1,official_full,accuracy,0.6050156739811913,float16,complete,published,,723aceeff784a1d2abd89b62bb84bbcef22cb4ef1b1172cce19988add8fcd5c6,53e4592a927f36e7d71bae95198228ed29de9e2ac4c6d96f8afea455bdb2171a,50779c6
OPT-13B,HiZOO,WSC,42,opt13b-hizoo-40kcalls-fp16-v1,official_full,accuracy,0.5865384615384616,float16,complete,published,,026925fcf780cda66bc5660f73487bfb58691f0c5ab30a4f43a359e32b3fa984,ab160ec89026ad0388e92f275b5e432b54ae7b6889bf81af205fde97b4e1562f,50779c6
OPT-13B,HiZOO,WSC,142,opt13b-hizoo-40kcalls-bf16-transfer-v1,official_full,accuracy,0.5673076923076923,bfloat16,complete,published,,54357b8f9d4dc9dc93a2df2bfa3a2854b25f933804a8be749cd7d16fcd215d62,76da8bf370196fc49bc1ebb859ad520a95ecafe53b3aa253c84f9404563806e3,50779c6
OPT-13B,HiZOO,WSC,242,opt13b-hizoo-40kcalls-bf16-transfer-v1,official_full,accuracy,0.5865384615384616,bfloat16,complete,published,,4e80353e2a0325b6ebd171be9093bd86244c1f4b405b209eb5d3f9fc7966aa6f,f98d62f7a4dbbd626e4af1e338c27c486107c808820930471a4589a0446886d7,50779c6
OPT-13B,HiZOO,SQuAD,42,opt13b-hizoo-40kcalls-bf16-transfer-v1,official_subset_1000,f1,0.7602280983751256,bfloat16,complete,published,,15ea30dbe132e6489a20074446ad65adb48f31255c55c506d6d7cb426bf32db1,4c19aa4a79d02fbbdff6f606e368494d2c1b9fb2d989e0c30c58ac97d7b8d8f7,50779c6
OPT-13B,HiZOO,SQuAD,42,opt13b-hizoo-40kcalls-bf16-transfer-v1,official_subset_1000,em,0.636,bfloat16,complete,published,,15ea30dbe132e6489a20074446ad65adb48f31255c55c506d6d7cb426bf32db1,4c19aa4a79d02fbbdff6f606e368494d2c1b9fb2d989e0c30c58ac97d7b8d8f7,50779c6
OPT-13B,HiZOO,SQuAD,142,opt13b-hizoo-40kcalls-bf16-transfer-v1,official_subset_1000,f1,0.7461639992475264,bfloat16,complete,published,,8c47b719278974ef2213b1eb6f4a8e220b23f52a706913276801c55c88deecd3,738160c65d2f2e29d78227497b6e45b31969553f83c67cfd3ed6c6e5a9f86878,50779c6
OPT-13B,HiZOO,SQuAD,142,opt13b-hizoo-40kcalls-bf16-transfer-v1,official_subset_1000,em,0.626,bfloat16,complete,published,,8c47b719278974ef2213b1eb6f4a8e220b23f52a706913276801c55c88deecd3,738160c65d2f2e29d78227497b6e45b31969553f83c67cfd3ed6c6e5a9f86878,50779c6
OPT-13B,HiZOO,SQuAD,242,opt13b-hizoo-40kcalls-bf16-transfer-v1,official_subset_1000,f1,0.7570651526643122,bfloat16,complete,published,,c7ce05ec7801d3265b53f51afe014e1cbc2016ff9a1e6d26cfdf9c928630f433,db1c9eb401569fce20076c2dddb56c83ef7e1d376ee25bb5e9fe0136b9c815d4,50779c6
OPT-13B,HiZOO,SQuAD,242,opt13b-hizoo-40kcalls-bf16-transfer-v1,official_subset_1000,em,0.645,bfloat16,complete,published,,c7ce05ec7801d3265b53f51afe014e1cbc2016ff9a1e6d26cfdf9c928630f433,db1c9eb401569fce20076c2dddb56c83ef7e1d376ee25bb5e9fe0136b9c815d4,50779c6
OPT-13B,ZO-Muon,RTE,42,opt13b-main-v1-seed42-numeric-recovery,official_full,accuracy,0.6425992779783394,bfloat16,complete,published,,867cabb5a170463ba67eb1d7803e65e4f55cdb233621c68e526aacd01788cc95,1533a182f1d114cad25ec703c1d6f3cd1b794d030d7c8086a4a9e853e3615161,50779c6
OPT-13B,ZO-Muon,RTE,142,opt13b-main-v1,official_full,accuracy,0.6137184115523465,bfloat16,complete,published,,f261d4c6aabb9573dc3dff98f80506edc9335d67a36d2c1ecdb04bf8f811c71c,69495ea85581c09fc6fc759c52c784bc10aa6840722e57d3cb405967dfa77d98,50779c6
OPT-13B,ZO-Muon,RTE,242,opt13b-main-v1,official_full,accuracy,0.6353790613718412,bfloat16,complete,published,,1afd25f6f2b7c601a51c88250a871c1658c26062f4dfcd4e9250136d99a6d83f,cdc46a154ec597d072ba68be71bb45fa9c541cee5b622667c3f09db142607406,50779c6
OPT-13B,ZO-Muon,SST-2,42,opt13b-main-v1-seed42-numeric-recovery,official_full,accuracy,0.9105504587155964,bfloat16,complete,published,,9c3700d3c8b6d22e3771e05d9ffed270e9741572333edd1406e9691f8d31fd38,7c32746933a5d48e498f7f1b8ccc1579fca78f6d0709497c369a86585c81f010,50779c6
OPT-13B,ZO-Muon,SST-2,142,opt13b-main-v1,official_full,accuracy,0.9231651376146789,bfloat16,complete,published,,24adbdc9340a959e79f600fb1c80b2cf549f4feeb35a1a2cd9e778dc955b9a24,b647df6deac0f7e13cc662873531b74c6cb5cec5e0a202b77f7d15f6ef07c297,50779c6
OPT-13B,ZO-Muon,SST-2,242,opt13b-main-v1,official_full,accuracy,0.9197247706422018,bfloat16,complete,published,,3860a29f968d7d18995aff2c7a0a8d5e781211cb9adb3c7210e557a8e8ca0a89,b87f38d11139a497de9d20a0c3fd148afb098366ffff55b54b9d4c668fba9d08,50779c6
OPT-13B,ZO-Muon,BoolQ,42,opt13b-main-v1-seed42-numeric-recovery,official_full,accuracy,0.6675840978593273,bfloat16,complete,published,,8f83c3703a6abc2facd141d70146649862daab5dc39d68239b9b3f05504945eb,7ffee0560c2ab526678ad26bb4f2b01b10eab335be1b309cb8eaa80ae7dfb362,50779c6
OPT-13B,ZO-Muon,BoolQ,142,opt13b-main-v1,official_full,accuracy,0.6504587155963303,bfloat16,complete,published,,f060bc7cf7fbbe8b56a36ac043aa10aaab8e2d0fe63daad58e0cbbeb861a75c6,3463dc58d212cf00b706e0c3cb3e086c7739fc30a60a824ad05197d6ba2b9242,50779c6
OPT-13B,ZO-Muon,BoolQ,242,opt13b-main-v1,official_full,accuracy,0.6779816513761467,bfloat16,complete,published,,5c778639c1162695d42ae3c6a28a627dab3c79a41cfe5ed7ef5e9ef2c9474dd1,0925d56f8c0ebfa39077c1ced96b014f80f41d702144334da178204d7ebf54c0,50779c6
OPT-13B,ZO-Muon,WiC,42,opt13b-main-v1,official_full,accuracy,0.5689655172413793,bfloat16,complete,published,,a0d5186f435d8513740f17a0c267fdbbf2d80df95844b02c03b1c61e8212ec55,de96a2d4ad2d08fdce48dfc344df66bb308be870944f9c43e9630d70750be4bc,50779c6
OPT-13B,ZO-Muon,WiC,142,opt13b-main-v1,official_full,accuracy,0.5579937304075235,bfloat16,complete,published,,db7cfb8d49427fa775d038bddfed5a3207b8521743a2c970cea8f7e5678d4835,61aa21dd23cf091a0d2b4f000a5fbf1bbb67ef6fb78ad0fb5d7b24f14d4c4d51,50779c6
OPT-13B,ZO-Muon,WiC,242,opt13b-main-v1,official_full,accuracy,0.5768025078369906,bfloat16,complete,published,,78216c66e398fe67d91f787d9bc7872c48e458d76131d516df0f1626be6083e4,1f8a11a524986e073f0949989e33af23400f1f301e7e70c40653058bea2a8b5f,50779c6
OPT-13B,ZO-Muon,WSC,42,opt13b-zero-metric-fill-v1,official_full,accuracy,0.5384615384615384,bfloat16,complete,published,,7af7ef67b1491ef525e9339ef1a3142e2d5bdb5579cd8b16f698e5836f49dbcd,aa10511897428bd1b2c9b2505d0526ff0fbbcb87b976f1fd77daea7846707e90,50779c6
OPT-13B,ZO-Muon,WSC,142,opt13b-zero-metric-fill-v1,official_full,accuracy,0.5288461538461539,bfloat16,complete,published,,7c6a35ab831a8afd43e0e8f48219a0b29b3fbb6a9b5f9ae957d02eda8cafb491,362b8d4a59649d30d232f8e341fb0ecbeff5e87eeab0d50f2abc292eedb61693,50779c6
OPT-13B,ZO-Muon,WSC,242,opt13b-zero-metric-fill-v1,official_full,accuracy,0.4326923076923077,bfloat16,complete,published,,7060e1d8511f07fc841bb3b2067d73ab4b906ebba1db4b3926711a51dc047a9f,a413042d5c0316d86c86acebc8ef8a1c95894ba6a3959899c2b6019f83b26f76,50779c6
OPT-13B,ZO-Muon,SQuAD,42,opt13b-main-v1,official_subset_1000,f1,0.7966003407540654,bfloat16,complete,published,,bb88e9cd9cca8cdca0b52551b8546d1516e22504979da02cf052c77b2f6f6cf6,48b4eacf25f251d9082ae3ed591d381f2eee5a0de740cdd94ab3ab0e1691c046,50779c6
OPT-13B,ZO-Muon,SQuAD,42,opt13b-main-v1,official_subset_1000,em,0.691,bfloat16,complete,published,,bb88e9cd9cca8cdca0b52551b8546d1516e22504979da02cf052c77b2f6f6cf6,48b4eacf25f251d9082ae3ed591d381f2eee5a0de740cdd94ab3ab0e1691c046,50779c6
OPT-13B,ZO-Muon,SQuAD,142,opt13b-main-v1,official_subset_1000,f1,0.8140833166228981,bfloat16,complete,published,,b62e7ac579bc99d36553ac726adf30ae5d3bf9f5c024031962b725688b69d5e0,c35df6960a6c8384a3bbafce9f5fda86d782fcb06ea8eeafbbaff03ddb14ac4c,50779c6
OPT-13B,ZO-Muon,SQuAD,142,opt13b-main-v1,official_subset_1000,em,0.709,bfloat16,complete,published,,b62e7ac579bc99d36553ac726adf30ae5d3bf9f5c024031962b725688b69d5e0,c35df6960a6c8384a3bbafce9f5fda86d782fcb06ea8eeafbbaff03ddb14ac4c,50779c6
OPT-13B,ZO-Muon,SQuAD,242,opt13b-main-v1,official_subset_1000,f1,0.7998169361576565,bfloat16,complete,published,,015d9e2932f71e2512d35d47c522c5f673559d4ceac04e1e36d5c05feb33359f,3565552ad9e614f918a4e549291dcc062574d198f48398b033210d93c6e6b4bd,50779c6
OPT-13B,ZO-Muon,SQuAD,242,opt13b-main-v1,official_subset_1000,em,0.686,bfloat16,complete,published,,015d9e2932f71e2512d35d47c522c5f673559d4ceac04e1e36d5c05feb33359f,3565552ad9e614f918a4e549291dcc062574d198f48398b033210d93c6e6b4bd,50779c6
OPT-13B,CurvZO,RTE,42,opt13b-main-v1-seed42-numeric-recovery,official_full,accuracy,0.5415162454873647,bfloat16,complete,published,,6b3c1333a051de4aeacc36ca774af97114a0fcc0351f22631ec95a48f39fcdfc,2f97b8356ae2b416ac5866d490d7fa47ddd9199a76599fb628263a60d88a1fe5,50779c6
OPT-13B,CurvZO,RTE,142,opt13b-main-v1,official_full,accuracy,0.49097472924187724,bfloat16,complete,published,,d86a728b6e7aabbef46a516ae826225566a45b357a73a0d59ad4552eb49275c8,dd46dd35ab3c92edeede4aa5951ef2d0a70b2cb92a46e8932f4c460d9a211c7c,50779c6
OPT-13B,CurvZO,RTE,242,opt13b-main-v1,official_full,accuracy,0.5342960288808665,bfloat16,complete,published,,3a1ce779f86abf663c341cd08f7ae573b076058646153ea29d8b0283e7a06aaa,4554f0a829003fe8582a9ad7eb9e4a3d434dcdd7528beecc0ad54875611d5b24,50779c6
OPT-13B,CurvZO,SST-2,42,opt13b-main-v1-seed42-numeric-recovery,official_full,accuracy,0.5,bfloat16,complete,published,,87c166aeb6289b6bbce383e7832ec17682b8adbe1dfaad5105a0831f21b96244,83db044936cb854717af4654bab5261c9dabd015027720ef05b11d93297f3fd6,50779c6
OPT-13B,CurvZO,SST-2,142,opt13b-main-v1,official_full,accuracy,0.49655963302752293,bfloat16,complete,published,,c1b0a87111667d7e06851d9bc528b138cf45dfb2bca0e71c0c87da2e27ba1d23,f21bad76f01b82d39014d6f4ae93c59b185666fd795f4b304e05a34fe630eca7,50779c6
OPT-13B,CurvZO,SST-2,242,opt13b-main-v1,official_full,accuracy,0.48509174311926606,bfloat16,complete,published,,5aa74ce78e885d43710426d2e2f6ef43f15598f8d01db1c40339bacf99c3ccff,3a977e19dabb91fc7eb076bafd89a971a5772613de19a0c3ae1c5b2ef7d516a2,50779c6
OPT-13B,CurvZO,BoolQ,42,opt13b-main-v1-seed42-numeric-recovery,official_full,accuracy,0.6201834862385321,bfloat16,complete,published,,6e174afb55e1df81f4ed9284df39717780f9d094ae72e2a9a3c6879e2e2a1d13,851a2c64ce5f9bcbef955dd4418f5ed5d04f73aa74c7e9a1545c4cad07a1e6e6,50779c6
OPT-13B,CurvZO,BoolQ,142,opt13b-main-v1,official_full,accuracy,0.6192660550458715,bfloat16,complete,published,,f6c164dd2f92fb475027d8158b649d1497898cd1e38bf7d32b096ca5dd7f7211,eb3d648b320e3174a52eb01e140f00b5cb9cbeaa82889d7fd85bfaf9182e02d8,50779c6
OPT-13B,CurvZO,BoolQ,242,opt13b-main-v1,official_full,accuracy,0.6125382262996942,bfloat16,complete,published,,7552025d91d5faeebf477149b3b21f433ac37868cc866cf09200d6c45868b87a,45f4e44df7ef273f89e8c1de8bda1d7a9b2c87d207add6d3b8d288b529539dcf,50779c6
OPT-13B,CurvZO,WiC,42,opt13b-main-v1,official_full,accuracy,0.4780564263322884,bfloat16,complete,published,,5520f3a2c12cd6542f606d482f8beb55b9310f7bbfe47c2cb68acf94dbdfdce6,0a20c0131eb3144cbb7f1f61ca4e7cc6898b45074b24671d774776d27d286f87,50779c6
OPT-13B,CurvZO,WiC,142,opt13b-main-v1,official_full,accuracy,0.493730407523511,bfloat16,complete,published,,3d514bfdbfe04c3f9f3666577dfc0b8ddc1d6437c1c80276cc34b2bf9b9db073,a6ab9659f7e113cd2e2fb4e96657d9e8af408e5bf505c29bb06814c113627e69,50779c6
OPT-13B,CurvZO,WiC,242,opt13b-main-v1,official_full,accuracy,0.49843260188087773,bfloat16,complete,published,,36768dbf2a909673ce09aa7d2d02de00b74f3a10bc57b3290017fcfeb5a7a0fc,d201504720d1381da3e8ce3f5a7107ff3dbe94459ff8b9370a8e2803d58d6be1,50779c6
OPT-13B,CurvZO,WSC,42,opt13b-zero-metric-fill-v1,official_full,accuracy,0.6346153846153846,bfloat16,complete,published,,5a7e7c8472a93a7432fbc8f4705dffa22a4dff313b56cd7cd0d454cbdaeeff45,6d47e18d9ed8152c2104a5ea2616b2e71af3c18e8800be5ffb3f26fa95ca63de,50779c6
OPT-13B,CurvZO,WSC,142,opt13b-zero-metric-fill-v1,official_full,accuracy,0.5673076923076923,bfloat16,complete,published,,06362139bc623098427d964102f89e984fbad94078276a654c58cb036a48cbd7,6122ec0d4350694b7d573969b597057d890f2fb7947a84c4865ccf8c09080629,50779c6
OPT-13B,CurvZO,WSC,242,opt13b-zero-metric-fill-v1,official_full,accuracy,0.6346153846153846,bfloat16,complete,published,,e4f255c11a8b7237c0474d882d84fe58a61e28d7bb8547474187ed22c71df5af,6d8ff8b18a5b8ed0ffeda94190608de69e77693afdc682857622d3d005d60461,50779c6
OPT-13B,CurvZO,SQuAD,42,opt13b-squad-checkpoint-selection-v1,official_subset_1000,f1,0.6425630456028256,bfloat16,complete,published,,aba385089f8fcb76f6c7671ea3d50b3ed5b6bfd88606ee0ba924e0ce939afa9e,c714194aa0d3097f8906cf2f418c61293dd26cdcd7b7085c122a63bda6fca274,50779c6
OPT-13B,CurvZO,SQuAD,42,opt13b-squad-checkpoint-selection-v1,official_subset_1000,em,0.529,bfloat16,complete,published,,aba385089f8fcb76f6c7671ea3d50b3ed5b6bfd88606ee0ba924e0ce939afa9e,c714194aa0d3097f8906cf2f418c61293dd26cdcd7b7085c122a63bda6fca274,50779c6
OPT-13B,CurvZO,SQuAD,142,opt13b-squad-checkpoint-selection-v1,official_subset_1000,f1,0.670748707060503,bfloat16,complete,published,,2d1466313367f38c57745ef7f7fc7ed4f4a09b338837ab71b2799d3b90c8ee9d,b2f48de3da41aa552bd732224fbca89fdb59d15bf089484ab4032c41ccfb2921,50779c6
OPT-13B,CurvZO,SQuAD,142,opt13b-squad-checkpoint-selection-v1,official_subset_1000,em,0.519,bfloat16,complete,published,,2d1466313367f38c57745ef7f7fc7ed4f4a09b338837ab71b2799d3b90c8ee9d,b2f48de3da41aa552bd732224fbca89fdb59d15bf089484ab4032c41ccfb2921,50779c6
OPT-13B,CurvZO,SQuAD,242,opt13b-squad-checkpoint-selection-v1,official_subset_1000,f1,0.6534615161964896,bfloat16,complete,published,,8326a1ffaa0fd911264e7e3da89435bbcbbf489a45b6668be3d6eaa837eaed4e,4d69fdde0036a7cc131d4cb87ff90ea61889f6bb9db2f0ac873da4e9b7d4b19a,50779c6
OPT-13B,CurvZO,SQuAD,242,opt13b-squad-checkpoint-selection-v1,official_subset_1000,em,0.504,bfloat16,complete,published,,8326a1ffaa0fd911264e7e3da89435bbcbbf489a45b6668be3d6eaa837eaed4e,4d69fdde0036a7cc131d4cb87ff90ea61889f6bb9db2f0ac873da4e9b7d4b19a,50779c6
OPT-13B,AGZO,RTE,42,opt13b-main-v1-seed42-numeric-recovery,official_full,accuracy,0.5415162454873647,bfloat16,complete,published,,b58b29db228900d694ccaa31ed3c9370617a62de6600a93ed39a6b16a091c935,1b37fb91e01044f6f12e29a74fb28a0b58a3bdb11ce828b0150b2db25e339e78,50779c6
OPT-13B,AGZO,RTE,142,opt13b-main-v1,official_full,accuracy,0.5740072202166066,bfloat16,complete,published,,93af6bf42fcd9b80f0f3af72dfcf24188b334057c2092738468e169e808c8176,d84c6a14526600795a237b96946eebe821f353416e60c21ce503b2683746560b,50779c6
OPT-13B,AGZO,RTE,242,opt13b-main-v1,official_full,accuracy,0.4620938628158845,bfloat16,complete,published,,c7af9e23e6c5e4a4468a827ff4e3c38b1ecd7584028abd79d7f6e2b0260acc32,3f29d2b83b7702caac15d1980414d46b16d2f0facbe39b582ac93f4a6c185da6,50779c6
OPT-13B,AGZO,SST-2,42,opt13b-main-v1-seed42-numeric-recovery,official_full,accuracy,0.8922018348623854,bfloat16,complete,published,,1aaaa3e0de549a2fca6c494714058ffc5748dc6173b77e576554fed237c9f86c,3405fdf0d5ad6d12b36ab70e536e880b5c85e4751e366e4722ca0be9a365310a,50779c6
OPT-13B,AGZO,SST-2,142,opt13b-main-v1,official_full,accuracy,0.8727064220183486,bfloat16,complete,published,,1f0940495d831e940a23ea1e1f35dfb86a72b72c0480f1ac7d2a28fb42000ecb,9fc03d3cbfb7f5abd060f36ce05f19a7d4dbc991716f84c6473465a0208ff2a7,50779c6
OPT-13B,AGZO,SST-2,242,opt13b-main-v1,official_full,accuracy,0.8818807339449541,bfloat16,complete,published,,6bc775975f1acea7bec95811cf102c7fcd6fa604d544f24ff316ad8544c252ff,e98306c5e9b44f06943ebcdee15236f38390b3607a619251c164e86155b17f67,50779c6
OPT-13B,AGZO,BoolQ,42,opt13b-main-v1-seed42-numeric-recovery,official_full,accuracy,0.6201834862385321,bfloat16,complete,published,,f64cca30dfd025425615e94dfcaf4bdf28541666be136f2b414334b3d788e350,0e26b55faa9bfbfb73dc388c4d6d3ff4e05cec23f92ed7bf2131268fd9208be3,50779c6
OPT-13B,AGZO,BoolQ,142,opt13b-main-v1,official_full,accuracy,0.6015290519877676,bfloat16,complete,published,,c51144c4f9d42e3ba0bb08e57c685e85566750d81ed4e0fbf79c5adcbba89bd9,a438352f877e22ecde335f447051f174bafd6dec44b61742ca7fb94db72b8fde,50779c6
OPT-13B,AGZO,BoolQ,242,opt13b-main-v1,official_full,accuracy,0.6211009174311927,bfloat16,complete,published,,ed1192ccee04a11eb867e818165a528ea2ee9b0d7bfff289825753f1a0bf1c62,634121857cdbaf188ee04523f02522ffd0f742b4e124de024494de301be89249,50779c6
OPT-13B,AGZO,WiC,42,opt13b-main-v1,official_full,accuracy,0.49216300940438873,bfloat16,complete,published,,3e2df6cf246c1e45d1da2a845b768c423d2528211003126c85b4e277aaf831c9,4ea62607f5fed57cfe88d79552ddb4db8da0917b003a5cd7c58f48715bf7ac0e,50779c6
OPT-13B,AGZO,WiC,142,opt13b-main-v1,official_full,accuracy,0.5172413793103449,bfloat16,complete,published,,0621d649c7632c0ff8d3d883731098ebcbd547190def33adefca83dd9056ea2f,122cdbf627bfc29e1bc64e1bab83b03fb03f223f31417f253d2b4f24bc987fa7,50779c6
OPT-13B,AGZO,WiC,242,opt13b-main-v1,official_full,accuracy,0.47335423197492166,bfloat16,complete,published,,31989905f80f584a0a750093b55cef4589828a78b126e9fb8e7d143f89411e02,b8cce26637cf5837289b4112ddd78409f19c16c6518914e9ac6e50b582196d42,50779c6
OPT-13B,AGZO,WSC,42,opt13b-main-v1,official_full,accuracy,0.5576923076923077,bfloat16,complete,published,,c3439c1a6cffb5170702c8b4d11743afcf32fcaafc0a3d06fb12a89d9e835607,1ae9ed811154fc92964e4fadec99f1b5f91aa394689a922a2ca3e0790667c1e0,50779c6
OPT-13B,AGZO,WSC,142,opt13b-main-v1,official_full,accuracy,0.5673076923076923,bfloat16,complete,published,,a7b8b12fa33e08a7296cda47875443f2fdaf8918fc9f486d166d0b8b2012130b,2d52caf855fe77e7c4d3cf2f62d024d9e69e04f29952c6d9956e8e00e94543c3,50779c6
OPT-13B,AGZO,WSC,242,opt13b-main-v1,official_full,accuracy,0.5961538461538461,bfloat16,complete,published,,ef9c877b91296102e76160fba666506a4c4a071060f446a07b5f08ee68e2069d,1232a80b2ad1c0723b5770a9242eec2072227b491046b1806bcef30ef0abc18d,50779c6
OPT-13B,AGZO,SQuAD,42,opt13b-main-v1,official_subset_1000,f1,0.7654748261017916,bfloat16,complete,published,,62396364d3f461b588511079f45496e581a599b1941d8b9e9f2b6975d6c1c740,553e9a6b23d8969564a10affecdab1beab2c65cc0f4a05c7fcc0d4fed2f453c7,50779c6
OPT-13B,AGZO,SQuAD,42,opt13b-main-v1,official_subset_1000,em,0.637,bfloat16,complete,published,,62396364d3f461b588511079f45496e581a599b1941d8b9e9f2b6975d6c1c740,553e9a6b23d8969564a10affecdab1beab2c65cc0f4a05c7fcc0d4fed2f453c7,50779c6
OPT-13B,AGZO,SQuAD,142,opt13b-main-v1,official_subset_1000,f1,0.750758479018267,bfloat16,complete,published,,87aadb8aadccfd537dd817c6607adf8b0c5fdf351febea715f92fd3d60871b63,f3078a3c58fedbe8935bb839aac7a3be3f169018e30fc9deef811860a3808ee8,50779c6
OPT-13B,AGZO,SQuAD,142,opt13b-main-v1,official_subset_1000,em,0.627,bfloat16,complete,published,,87aadb8aadccfd537dd817c6607adf8b0c5fdf351febea715f92fd3d60871b63,f3078a3c58fedbe8935bb839aac7a3be3f169018e30fc9deef811860a3808ee8,50779c6
OPT-13B,AGZO,SQuAD,242,opt13b-main-v1,official_subset_1000,f1,0.7409220927153746,bfloat16,complete,published,,aa128b9bd2bf8250af201010487e3cfc837e21ae54a5b85944b5825c5ce6544f,553fd4115176f8466b9a08dcfbdd5a8238aa53c9338f4eff65041ae04b3e4754,50779c6
OPT-13B,AGZO,SQuAD,242,opt13b-main-v1,official_subset_1000,em,0.619,bfloat16,complete,published,,aa128b9bd2bf8250af201010487e3cfc837e21ae54a5b85944b5825c5ce6544f,553fd4115176f8466b9a08dcfbdd5a8238aa53c9338f4eff65041ae04b3e4754,50779c6
OPT-13B,LoZO,RTE,42,opt13b-main-v1-seed42-numeric-recovery,official_full,accuracy,0.51985559566787,bfloat16,complete,published,,88448a8099be8feb45c61416af5d5ed50a52c897b51e28cd09ae90e2518a1dfc,5bb3593002b57382c0aba14c2e595f1e522d4a56640ee21b52a4c30aad2e4cf5,50779c6
OPT-13B,LoZO,RTE,142,opt13b-main-v1,official_full,accuracy,0.5054151624548736,bfloat16,complete,published,,3fa0a5368a7751f8562e7d24b764d2ed6271c251dfdf03c8a900c247d8b00bd7,5a396069a298391c20960533cb095ceed662f55d64bc8048c8ba9c44d7803b2a,50779c6
OPT-13B,LoZO,RTE,242,opt13b-main-v1,official_full,accuracy,0.4657039711191336,bfloat16,complete,published,,ede780fb9cac3e143ba6eee618ed50a99d5c883d04737f54391a387f5388ff9c,418962e439939660052456fc657fe217d8ae9503dea830b48706cb40af7f9d22,50779c6
OPT-13B,LoZO,SST-2,42,opt13b-main-v1-seed42-numeric-recovery,official_full,accuracy,0.5022935779816514,bfloat16,complete,published,,579635d105e7910bf6a543f6ed451546cc354fd9b99fac818cdaba85f97bb235,0e4430d2396ccb3a7ecf6ae1643b12c9ecc63321c7106641e36737d521d78b7f,50779c6
OPT-13B,LoZO,SST-2,142,opt13b-main-v1,official_full,accuracy,0.5080275229357798,bfloat16,complete,published,,19e61062749130322c28e00049290bb7a6c2053eba9d0c1f58037c24085e102f,ccd5355efd49e4e07d846c25ca537395846498cc7b7df55e5e44fb81c8eac802,50779c6
OPT-13B,LoZO,SST-2,242,opt13b-main-v1,official_full,accuracy,0.49770642201834864,bfloat16,complete,published,,cf0b94e83799e8cabd7dcecc6aeb992d6d0852983e7683b38567df4776e23f4d,2810243490e18dcba990567b60aa529fffe48ae0a1b6560d83105342b7f3de06,50779c6
OPT-13B,LoZO,BoolQ,42,opt13b-main-v1-seed42-numeric-recovery,official_full,accuracy,0.6211009174311927,bfloat16,complete,published,,d49539b5f7239611135da4757fd7888e846451073c458459260d9e64ced40950,b22a508e43c001f6dd815894480ae3bd82caa1e451fcff30de4533524e6fef82,50779c6
OPT-13B,LoZO,BoolQ,142,opt13b-main-v1,official_full,accuracy,0.6223241590214067,bfloat16,complete,published,,d7256abc2a36b676d8175ddf1441cfef99229f94910d9762970f195dfcce0c6c,948e9288524df28f314de5726229cf4fd74d0abd79dbab7d31ec6b66d3f5ab44,50779c6
OPT-13B,LoZO,BoolQ,242,opt13b-main-v1,official_full,accuracy,0.6211009174311927,bfloat16,complete,published,,6f96077c5d9ab786a876aa4bac9e77aa279edfc790b418fa6cd794e97c92947e,e0095d26eb9cb596a7b20953e7ca0664724d2acc09262fde3a12f059679a31f6,50779c6
OPT-13B,LoZO,WiC,42,opt13b-main-v1,official_full,accuracy,0.4780564263322884,bfloat16,complete,published,,835e60370907ac091531f27e7ca1b55b9ebadfee8fff06ff185a53a4c9e82030,8281fe22514057a1f466150d9338cf39388bb528beea44a46027107b990cdd01,50779c6
OPT-13B,LoZO,WiC,142,opt13b-main-v1,official_full,accuracy,0.46238244514106586,bfloat16,complete,published,,c11ca9b6e3310c4cfb846842519c92a71ccd85ad983fd9fc308f0de89f5ddcf2,746ed28c3915c67ae0927c48eb60fb04ed82f8999ac5d693d611104d72cabb71,50779c6
OPT-13B,LoZO,WiC,242,opt13b-main-v1,official_full,accuracy,0.48119122257053293,bfloat16,complete,published,,dc0eb40feca7cb59d0dc6406e97097192d152775b4e6d102b895f1d4365fd6c3,79563be01aed59b4811412e8eace11f5ceebcfbd4909502ec8ffcd545d07b802,50779c6
OPT-13B,LoZO,WSC,42,opt13b-zero-metric-fill-v1,official_full,accuracy,0.625,bfloat16,complete,published,,af31cdcfe101bc781cd09ff51409d4819dcaffaddc4d0af7b722e09109900d65,aa91109875f494c2d7f619740fce54e4577792d6b848fd03e6da0525e8c3b660,50779c6
OPT-13B,LoZO,WSC,142,opt13b-zero-metric-fill-v1,official_full,accuracy,0.5865384615384616,bfloat16,complete,published,,66e82f09953ec05979ef63bd52cbbadc4ba84e9a9f889cf1370cec2f630fa0c9,1c0e975c2b41c32fbb48d09f19ec9fda4d03a0bd38cd32ee8da6fe72a73deb76,50779c6
OPT-13B,LoZO,WSC,242,opt13b-zero-metric-fill-v1,official_full,accuracy,0.5096153846153846,bfloat16,complete,published,,89d6cc80619fe16d925c360957b35b10a50e51134df1bc79a0c30d141cab12a7,283f464b586225f9f5322302ca0b8553621dec73798ebb65ffb4cfb2e5d77c79,50779c6
OPT-13B,LoZO,SQuAD,42,opt13b-squad-checkpoint-selection-v1,official_subset_1000,f1,0.49062446904211054,bfloat16,complete,published,,fbbca42655f23987e96d7604a68341f6033e4fa043b2cd17002965ee91f9789f,5bc872e58836bdf71c41b3862f05a553ddd5604b7972d8e118e920b766c84ef6,50779c6
OPT-13B,LoZO,SQuAD,42,opt13b-squad-checkpoint-selection-v1,official_subset_1000,em,0.355,bfloat16,complete,published,,fbbca42655f23987e96d7604a68341f6033e4fa043b2cd17002965ee91f9789f,5bc872e58836bdf71c41b3862f05a553ddd5604b7972d8e118e920b766c84ef6,50779c6
OPT-13B,LoZO,SQuAD,142,opt13b-squad-checkpoint-selection-v1,official_subset_1000,f1,0.4004768003848465,bfloat16,complete,published,,8c0299f0df50f564a9aec85c5a9a81a7d2d1d6070733cf7e5df78ced4963a98d,69d3fdcdcee97cf515e4d84c7b48954e8ab8b5708d975da2494d61589829ae8b,50779c6
OPT-13B,LoZO,SQuAD,142,opt13b-squad-checkpoint-selection-v1,official_subset_1000,em,0.269,bfloat16,complete,published,,8c0299f0df50f564a9aec85c5a9a81a7d2d1d6070733cf7e5df78ced4963a98d,69d3fdcdcee97cf515e4d84c7b48954e8ab8b5708d975da2494d61589829ae8b,50779c6
OPT-13B,LoZO,SQuAD,242,opt13b-squad-checkpoint-selection-v1,official_subset_1000,f1,0.5309818736372125,bfloat16,complete,published,,2e82ac2fb7e3f98f1ec7d4ddd207bef2791b58454ae837c754f8f2414201b537,d3398468e73a23337aeefb10bab3fee26a05244ead6ec50393385646832ea945,50779c6
OPT-13B,LoZO,SQuAD,242,opt13b-squad-checkpoint-selection-v1,official_subset_1000,em,0.403,bfloat16,complete,published,,2e82ac2fb7e3f98f1ec7d4ddd207bef2791b58454ae837c754f8f2414201b537,d3398468e73a23337aeefb10bab3fee26a05244ead6ec50393385646832ea945,50779c6
