model,method,dataset,paper_aggregate,seed_metric_coverage,config_evidence,reproduction_status
Qwen3-8B-Base,Zero-shot,RTE,available,not_applicable,evaluation_record_available,complete
Qwen3-8B-Base,Zero-shot,BoolQ,available,not_applicable,evaluation_record_available,complete
Qwen3-8B-Base,Zero-shot,SST-2,available,not_applicable,evaluation_record_available,complete
Qwen3-8B-Base,Zero-shot,WiC,available,not_applicable,evaluation_record_available,complete
Qwen3-8B-Base,Zero-shot,MultiRC,available,not_applicable,evaluation_record_available,complete
Qwen3-8B-Base,Zero-shot,SQuAD,available,not_applicable,evaluation_record_available,complete
Qwen3-8B-Base,MeZO,RTE,available,0_of_3,paper_protocol_only,seed_artifacts_missing
Qwen3-8B-Base,MeZO,BoolQ,available,0_of_3,paper_protocol_only,seed_artifacts_missing
Qwen3-8B-Base,MeZO,SST-2,available,0_of_3,paper_protocol_only,seed_artifacts_missing
Qwen3-8B-Base,MeZO,WiC,available,0_of_3,paper_protocol_only,seed_artifacts_missing
Qwen3-8B-Base,MeZO,MultiRC,available,0_of_3,paper_protocol_only,seed_artifacts_missing
Qwen3-8B-Base,MeZO,SQuAD,available,0_of_3,paper_protocol_only,seed_artifacts_missing
Qwen3-8B-Base,AGZO,RTE,available,3_of_3,exact_executed_protocol,complete
Qwen3-8B-Base,AGZO,BoolQ,available,3_of_3,exact_executed_protocol,complete
Qwen3-8B-Base,AGZO,SST-2,available,3_of_3,exact_executed_protocol,complete
Qwen3-8B-Base,AGZO,WiC,available,3_of_3,exact_executed_protocol,complete
Qwen3-8B-Base,AGZO,MultiRC,available,3_of_3,exact_executed_protocol,complete
Qwen3-8B-Base,AGZO,SQuAD,available,3_of_3,exact_executed_protocol,complete
Qwen3-8B-Base,AIM-ZO,RTE,available,0_of_3,paper_protocol_only,seed_artifacts_missing
Qwen3-8B-Base,AIM-ZO,BoolQ,available,0_of_3,paper_protocol_only,seed_artifacts_missing
Qwen3-8B-Base,AIM-ZO,SST-2,available,0_of_3,paper_protocol_only,seed_artifacts_missing
Qwen3-8B-Base,AIM-ZO,WiC,available,0_of_3,paper_protocol_only,seed_artifacts_missing
Qwen3-8B-Base,AIM-ZO,MultiRC,available,0_of_3,paper_protocol_only,seed_artifacts_missing
Qwen3-8B-Base,AIM-ZO,SQuAD,available,0_of_3,paper_protocol_only,seed_artifacts_missing
OPT-30B,Zero-shot,RTE,available,not_applicable,evaluation_record_available,complete
OPT-30B,Zero-shot,BoolQ,available,not_applicable,evaluation_record_available,complete
OPT-30B,Zero-shot,SST-2,available,not_applicable,evaluation_record_available,complete
OPT-30B,Zero-shot,WiC,available,not_applicable,evaluation_record_available,complete
OPT-30B,Zero-shot,WSC,available,not_applicable,evaluation_record_available,complete
OPT-30B,Zero-shot,SQuAD,available,not_applicable,evaluation_record_available,complete
OPT-30B,MeZO,RTE,available,0_of_3_metrics,2_of_3_resolved_configs,seed_metrics_and_one_config_missing
OPT-30B,MeZO,BoolQ,available,0_of_3,paper_protocol_only,seed_artifacts_missing
OPT-30B,MeZO,SST-2,available,0_of_3,paper_protocol_only,seed_artifacts_missing
OPT-30B,MeZO,WiC,available,0_of_3,paper_protocol_only,seed_artifacts_missing
OPT-30B,MeZO,WSC,available,0_of_3,paper_protocol_only,seed_artifacts_missing
OPT-30B,MeZO,SQuAD,available,0_of_3,paper_protocol_only,seed_artifacts_missing
OPT-30B,AIM-ZO,RTE,available,0_of_3_metrics,3_of_3_resolved_configs,seed_metrics_missing
OPT-30B,AIM-ZO,BoolQ,available,0_of_3,paper_protocol_only,seed_artifacts_missing
OPT-30B,AIM-ZO,SST-2,available,0_of_3,paper_protocol_only,seed_artifacts_missing
OPT-30B,AIM-ZO,WiC,available,0_of_3,paper_protocol_only,seed_artifacts_missing
OPT-30B,AIM-ZO,WSC,available,0_of_3,paper_protocol_only,seed_artifacts_missing
OPT-30B,AIM-ZO,SQuAD,available,0_of_3,paper_protocol_only,seed_artifacts_missing
