model,method,dataset,seed,protocol_id,metric,value,num_examples,evaluation_scope,steps,total_calls,dtype,selected_checkpoint_step,state,release_config_sha256,release_code_revision,provenance_status
Qwen3-8B-Base,AGZO,RTE,42,qwen8-agzo,accuracy,0.8808664259927798,277,full_official,13333,39999,bfloat16,2667,complete,852ed92af7f43223cd46df378898b2c6de7dd16f131ebdc42ef434b0ce6b2c76,83b5b59,verified_seed_record
Qwen3-8B-Base,AGZO,RTE,142,qwen8-agzo,accuracy,0.8736462093862816,277,full_official,13333,39999,bfloat16,8000,complete,f676024a83b010d9ca0b837ab329325b84eee4b6b62a286db611fc2c8d3bc460,83b5b59,verified_seed_record
Qwen3-8B-Base,AGZO,RTE,242,qwen8-agzo,accuracy,0.851985559566787,277,full_official,13333,39999,bfloat16,5333,complete,35cd2c7b3299af045531a04fda6b2830cac0d71042da5b01c79bf1acacb1df5e,83b5b59,verified_seed_record
Qwen3-8B-Base,AGZO,BoolQ,42,qwen8-agzo,accuracy,0.793,1000,fixed_1000_official_subset,13333,39999,bfloat16,5333,complete,917f6175fc6d65895bd08b2fd689c5702a1fba78308f41f22d723c5c625d5c6a,83b5b59,verified_seed_record
Qwen3-8B-Base,AGZO,BoolQ,142,qwen8-agzo,accuracy,0.803,1000,fixed_1000_official_subset,13333,39999,bfloat16,10666,complete,2a85cf8bce468614861957405b35e1fca6e024327d186f747b74cf952449d854,83b5b59,verified_seed_record
Qwen3-8B-Base,AGZO,BoolQ,242,qwen8-agzo,accuracy,0.786,1000,fixed_1000_official_subset,13333,39999,bfloat16,10666,complete,240568399e42d14020fb7e50b479bc59afda239fd631ac0c730ee5891b38fbea,83b5b59,verified_seed_record
Qwen3-8B-Base,AGZO,SST-2,42,qwen8-agzo,accuracy,0.7981651376146789,872,full_official,13333,39999,bfloat16,8000,complete,c7c58aafdae27e81bdf2b1ae868f73c6c86895f820e89a4796a6369c5e99e9d3,83b5b59,verified_seed_record
Qwen3-8B-Base,AGZO,SST-2,142,qwen8-agzo,accuracy,0.7970183486238532,872,full_official,13333,39999,bfloat16,13333,complete,a19c0cea8c8e2e0d25e6ecef593f3af72299f7a2824e10fe24e6639bfb43e974,83b5b59,verified_seed_record
Qwen3-8B-Base,AGZO,SST-2,242,qwen8-agzo,accuracy,0.8474770642201835,872,full_official,13333,39999,bfloat16,10666,complete,8d7bc4770bd9ee846e6320c0b7e8f35c8c68a8ff2123ef13b6b71175f0cb3dec,83b5b59,verified_seed_record
Qwen3-8B-Base,AGZO,WiC,42,qwen8-agzo,accuracy,0.6379310344827587,638,full_official,13333,39999,bfloat16,13333,complete,eb04e8e3a4482afd423c7afca3986e7d8dd33be90a7fd0b632ad482a0b191d82,83b5b59,verified_seed_record
Qwen3-8B-Base,AGZO,WiC,142,qwen8-agzo,accuracy,0.664576802507837,638,full_official,13333,39999,bfloat16,2667,complete,0fdb5e00a4b8ee20b5d120df855fc0b6143c007c24d52637a9874987667c18d6,83b5b59,verified_seed_record
Qwen3-8B-Base,AGZO,WiC,242,qwen8-agzo,accuracy,0.670846394984326,638,full_official,13333,39999,bfloat16,10666,complete,01d3fbd616c1852b2462396b5ed73941926ff974fbe6371ef6308d0af177b236,83b5b59,verified_seed_record
Qwen3-8B-Base,AGZO,MultiRC,42,qwen8-agzo,answer_accuracy,0.8461221122112211,4848,full_official,13333,39999,bfloat16,8000,complete,0001a0c93e53274e6ac3e80db02faf3ad19976662c99652f9ab678da435e817d,83b5b59,verified_seed_record
Qwen3-8B-Base,AGZO,MultiRC,42,qwen8-agzo,f1a,0.8312217194570136,4848,full_official,13333,39999,bfloat16,8000,complete,0001a0c93e53274e6ac3e80db02faf3ad19976662c99652f9ab678da435e817d,83b5b59,verified_seed_record
Qwen3-8B-Base,AGZO,MultiRC,42,qwen8-agzo,em,0.5026232948583421,953,full_official,13333,39999,bfloat16,8000,complete,0001a0c93e53274e6ac3e80db02faf3ad19976662c99652f9ab678da435e817d,83b5b59,verified_seed_record
Qwen3-8B-Base,AGZO,MultiRC,142,qwen8-agzo,answer_accuracy,0.8506600660066007,4848,full_official,13333,39999,bfloat16,8000,complete,84400881fe6b1e5a11d321cf6d2841e0a93f1aec0f2fe3b504e119407f6e021d,83b5b59,verified_seed_record
Qwen3-8B-Base,AGZO,MultiRC,142,qwen8-agzo,f1a,0.8279467680608364,4848,full_official,13333,39999,bfloat16,8000,complete,84400881fe6b1e5a11d321cf6d2841e0a93f1aec0f2fe3b504e119407f6e021d,83b5b59,verified_seed_record
Qwen3-8B-Base,AGZO,MultiRC,142,qwen8-agzo,em,0.5320041972717734,953,full_official,13333,39999,bfloat16,8000,complete,84400881fe6b1e5a11d321cf6d2841e0a93f1aec0f2fe3b504e119407f6e021d,83b5b59,verified_seed_record
Qwen3-8B-Base,AGZO,MultiRC,242,qwen8-agzo,answer_accuracy,0.816006600660066,4848,full_official,13333,39999,bfloat16,5333,complete,751e110e5f0eb1097d78422e943356aeaca57deaf0361efc51e0317ffd5679e8,83b5b59,verified_seed_record
Qwen3-8B-Base,AGZO,MultiRC,242,qwen8-agzo,f1a,0.760857908847185,4848,full_official,13333,39999,bfloat16,5333,complete,751e110e5f0eb1097d78422e943356aeaca57deaf0361efc51e0317ffd5679e8,83b5b59,verified_seed_record
Qwen3-8B-Base,AGZO,MultiRC,242,qwen8-agzo,em,0.45855194123819515,953,full_official,13333,39999,bfloat16,5333,complete,751e110e5f0eb1097d78422e943356aeaca57deaf0361efc51e0317ffd5679e8,83b5b59,verified_seed_record
Qwen3-8B-Base,AGZO,SQuAD,42,qwen8-agzo,f1,0.6798139744429631,1000,fixed_1000_official_subset,13333,39999,bfloat16,5333,complete,efd245c7d7ad54b2f55441bb8281ff5f71972c1096313903fd5be6695a6604d8,83b5b59,verified_seed_record
Qwen3-8B-Base,AGZO,SQuAD,42,qwen8-agzo,em,0.551,1000,fixed_1000_official_subset,13333,39999,bfloat16,5333,complete,efd245c7d7ad54b2f55441bb8281ff5f71972c1096313903fd5be6695a6604d8,83b5b59,verified_seed_record
Qwen3-8B-Base,AGZO,SQuAD,142,qwen8-agzo,f1,0.7307376392633105,1000,fixed_1000_official_subset,13333,39999,bfloat16,2667,complete,880f100f25e011e282d59c03487d2162e282176d5a772a23814fd4198cc38a58,83b5b59,verified_seed_record
Qwen3-8B-Base,AGZO,SQuAD,142,qwen8-agzo,em,0.593,1000,fixed_1000_official_subset,13333,39999,bfloat16,2667,complete,880f100f25e011e282d59c03487d2162e282176d5a772a23814fd4198cc38a58,83b5b59,verified_seed_record
Qwen3-8B-Base,AGZO,SQuAD,242,qwen8-agzo,f1,0.6353508380412829,1000,fixed_1000_official_subset,13333,39999,bfloat16,2667,complete,e93e4f82a4a6e34e52435be8ba9f5b847118d66135cd85b6671f965b60eae1f5,83b5b59,verified_seed_record
Qwen3-8B-Base,AGZO,SQuAD,242,qwen8-agzo,em,0.495,1000,fixed_1000_official_subset,13333,39999,bfloat16,2667,complete,e93e4f82a4a6e34e52435be8ba9f5b847118d66135cd85b6671f965b60eae1f5,83b5b59,verified_seed_record
