model,method,dataset,metric,seed,value,num_examples,evaluation_scope,total_calls,dtype,protocol_id,provenance_status,artifact_sha256,payload_checksum,release_config_sha256,release_code_revision
OPT-2.7B,MeZO,RTE,accuracy,42,0.6714801444043321,277,official_full,40000,bfloat16,opt27-mezo,verified_local_official_payload,3bb3e35ed71478bbb3aeeefe19495a3df3c9d4cb51b7e4d37a6e6ab3a96d7d52,e21d0a1d0603046e577b8931c68b7fbd8305721f60c80f6d7602f455c8854558,65142d5aa1310a2caf46c18ce6ccdfffff1b791741b12ec3f31d7b1cc6a58bbc,a9ac64d
OPT-2.7B,MeZO,RTE,accuracy,142,0.6425992779783394,277,official_full,40000,bfloat16,opt27-mezo,verified_local_official_payload,4cbfc9393c83816e58b2b2980c24ee9249611e905cf33ebe307903ac9a6ba330,e21d0a1d0603046e577b8931c68b7fbd8305721f60c80f6d7602f455c8854558,c1d872cc3c818c7969273ba767e86f4ffb55ad60cd25eca8f28286efb1d9e104,a9ac64d
OPT-2.7B,MeZO,RTE,accuracy,242,0.628158844765343,277,official_full,40000,bfloat16,opt27-mezo,verified_local_official_payload,1d93d32b5bd12556704bc0eae1db4c936c8d4ea4e316c4867807c06d2471b88c,e21d0a1d0603046e577b8931c68b7fbd8305721f60c80f6d7602f455c8854558,6fefd8c27bd1d1a7f331d532e21ca09c5d7b45288557a8a9451e8f01fa79c1f0,a9ac64d
OPT-2.7B,MeZO,RTE,accuracy,342,0.6534296028880866,277,official_full,40000,bfloat16,opt27-mezo,verified_local_official_payload,42d1d9cc113c73919e3d674369438124363b6fc65d01881b776d8c6d1f41ffb1,e21d0a1d0603046e577b8931c68b7fbd8305721f60c80f6d7602f455c8854558,dd83f97fb21997469cd4e873389bb18852de1367c9184975707e212a24815127,a9ac64d
OPT-2.7B,MeZO,RTE,accuracy,442,0.6606498194945848,277,official_full,40000,bfloat16,opt27-mezo,verified_local_official_payload,076259d3bbcfee4732268283781376ac5c751b1f921e389721325a29c09746d1,e21d0a1d0603046e577b8931c68b7fbd8305721f60c80f6d7602f455c8854558,cc8bdc5561f3f9fd716a4db747f8273f20fa34797993d422a2ff69d303ee7993,a9ac64d
OPT-2.7B,AIM-ZO,RTE,accuracy,42,0.703971119133574,277,official_full,40000,bfloat16,opt27-aimzo,verified_local_official_payload,cc9ea1a76dc0ce9cb80c9be862c5c02f08d27ca61f119a3e983421beff4988c9,e21d0a1d0603046e577b8931c68b7fbd8305721f60c80f6d7602f455c8854558,57059641c730cd07f23fa7567e2ae83e427db7e9b6499fd96f0905496ee7ce76,a9ac64d
OPT-2.7B,AIM-ZO,RTE,accuracy,142,0.6570397111913358,277,official_full,40000,bfloat16,opt27-aimzo,verified_local_official_payload,918fa4535fc38e7262a0bf0a8db15377646a7018ad144b89c8d154aaa774dbb4,e21d0a1d0603046e577b8931c68b7fbd8305721f60c80f6d7602f455c8854558,8584d1a1986835cc72bc440d19ec8ee95a52b4a70783c17de6792359458a5eef,a9ac64d
OPT-2.7B,AIM-ZO,RTE,accuracy,242,0.628158844765343,277,official_full,40000,bfloat16,opt27-aimzo,verified_local_official_payload,ec14505800555d1fc1d63e78ac88f7936c3ad6d171bc332a4d0bb0cc528124ec,e21d0a1d0603046e577b8931c68b7fbd8305721f60c80f6d7602f455c8854558,1dd82b95dfbcafcba9a10234ce0d83521f1759b4c6d7789d6ffebb6f4227c4a7,a9ac64d
OPT-2.7B,AIM-ZO,RTE,accuracy,342,0.6967509025270758,277,official_full,40000,bfloat16,opt27-aimzo,verified_local_official_payload,b8a335e8f03d06d6ff099068fdbd62fb19ccd92ce2695fb59602abcc4b8fb38e,e21d0a1d0603046e577b8931c68b7fbd8305721f60c80f6d7602f455c8854558,8978507408a4bc53b23543ab33ebeda734f30fe23150bb0b622e483bbe40a642,a9ac64d
OPT-2.7B,AIM-ZO,RTE,accuracy,442,0.6895306859205776,277,official_full,40000,bfloat16,opt27-aimzo,verified_local_official_payload,c778a4eabb0cd3687ee09e8aab8e6363a48a3a4702c0b032378fb99ee91fb287,e21d0a1d0603046e577b8931c68b7fbd8305721f60c80f6d7602f455c8854558,edcd5ecb2831ef74b261b31ac56ec824e95010cd838acbe9f595cb1c004febb1,a9ac64d
OPT-2.7B,MeZO,BoolQ,accuracy,42,0.659,1000,official_full,40000,bfloat16,opt27-mezo,verified_local_official_payload,b06efa516e7e5a3c49759990d5c2e92b4bf4cc6f5938855adf2b4de574fc2550,5c2c2cb7a3e0f3ab401a8ced428dface107c5dd29332ba0b5d546bea8a446be2,48d7af0ab6ea822e35c0c72df3af6135f0aaaedf41a210579a325078f1b560a6,a9ac64d
OPT-2.7B,MeZO,BoolQ,accuracy,142,0.624,1000,official_full,40000,bfloat16,opt27-mezo,verified_local_official_payload,83bcf0268e8aa6ff7e0a2046a41c130a52ee71e120fd457c96c500d707a85f83,5c2c2cb7a3e0f3ab401a8ced428dface107c5dd29332ba0b5d546bea8a446be2,e12686c049e3c7392b3747d1cb4987d38e7de60df5b8c93ae10c0f90b505e5e5,a9ac64d
OPT-2.7B,MeZO,BoolQ,accuracy,242,0.666,1000,official_full,40000,bfloat16,opt27-mezo,verified_local_official_payload,ffeb78594761996f22c8fe092540ed9daf5395aee3de50aefb2beb6a0205d48e,5c2c2cb7a3e0f3ab401a8ced428dface107c5dd29332ba0b5d546bea8a446be2,3437eb9b2964bc0bea5ed92f1f982ab00f4ec151c7b7a5811ba750fb096309a1,a9ac64d
OPT-2.7B,MeZO,BoolQ,accuracy,342,0.672,1000,official_full,40000,bfloat16,opt27-mezo,verified_local_official_payload,ff9df041b455e3b03e7cefa78cf98261f89c3ba2234fccd2fd6f5092752b31f3,5c2c2cb7a3e0f3ab401a8ced428dface107c5dd29332ba0b5d546bea8a446be2,83c90a579a65347b80de54d204d9b1b94b22186339858532cf2434e272f69da2,a9ac64d
OPT-2.7B,MeZO,BoolQ,accuracy,442,0.684,1000,official_full,40000,bfloat16,opt27-mezo,verified_local_official_payload,4aeb7fd3a1dc66e465e87997cf9eac277e85b0ed7f324bea5cab2e5fa2ac6c94,5c2c2cb7a3e0f3ab401a8ced428dface107c5dd29332ba0b5d546bea8a446be2,0b26f61fd6990d800caf9e8a2fb56303024932259d9d5c9f62238b4c0fe08734,a9ac64d
OPT-2.7B,AIM-ZO,BoolQ,accuracy,42,0.67,1000,official_full,40000,bfloat16,opt27-aimzo,verified_local_official_payload,b705a895b59d2273b7266bfb9e6faedaae6814d10fe27b89c70e3b92def6f6de,5c2c2cb7a3e0f3ab401a8ced428dface107c5dd29332ba0b5d546bea8a446be2,239a9d5eeeed0b80254d73f25aa6fb988573f32ff20b102bc88b9d0562eed57e,a9ac64d
OPT-2.7B,AIM-ZO,BoolQ,accuracy,142,0.648,1000,official_full,40000,bfloat16,opt27-aimzo,verified_local_official_payload,d4f0581f901e855a8eaef801d5eb6673cee8d7bc8c1b88d7b309c481f15f344a,5c2c2cb7a3e0f3ab401a8ced428dface107c5dd29332ba0b5d546bea8a446be2,b67742ebf162d7a6ec2f8976038809d40d715f0be0e71847834eeabd0b4885c4,a9ac64d
OPT-2.7B,AIM-ZO,BoolQ,accuracy,242,0.674,1000,official_full,40000,bfloat16,opt27-aimzo,verified_local_official_payload,caa9c5293d7314e8f04adb2f14e30ccfe511186af59ac073ffddea3af863a976,5c2c2cb7a3e0f3ab401a8ced428dface107c5dd29332ba0b5d546bea8a446be2,dcf2d9e1b5d1443e27fe0ed43fab72cb25b6f1a877a97818e57a14a8147dbb9c,a9ac64d
OPT-2.7B,AIM-ZO,BoolQ,accuracy,342,0.674,1000,official_full,40000,bfloat16,opt27-aimzo,verified_local_official_payload,2bd90f6eb00e8523dd92712caec0815c63c40aaeacc465e8f4d12b5d05bad04e,5c2c2cb7a3e0f3ab401a8ced428dface107c5dd29332ba0b5d546bea8a446be2,80efefa73e791484f5d4363478c065a019fd66634956d5b11905c0283a2c6a41,a9ac64d
OPT-2.7B,AIM-ZO,BoolQ,accuracy,442,0.695,1000,official_full,40000,bfloat16,opt27-aimzo,verified_local_official_payload,9842f3f01dc8286421e6397d9c61722d5efee2ad73df14023890434f2744973e,5c2c2cb7a3e0f3ab401a8ced428dface107c5dd29332ba0b5d546bea8a446be2,bf56d0bc68d54ef7fe92f1fb472fe1103697b9ad59701299e1acc868e8ba3914,a9ac64d
OPT-2.7B,MeZO,SST-2,accuracy,42,0.9254587155963303,872,official_full,40000,bfloat16,opt27-mezo,verified_local_official_payload,dfed70573ee13d4274b2c64129f2f29f588f1aebce8385acd3aad6eac06ac0b9,4099d286b36f23b0036afdf312eb31c918e774050f6d2b5d7086b7654c31a235,374efd82cd9d6776bdaaf52c5fc5841437b6bccb03d1d6e0d6f0c13a8018cf65,a9ac64d
OPT-2.7B,MeZO,SST-2,accuracy,142,0.9197247706422018,872,official_full,40000,bfloat16,opt27-mezo,verified_local_official_payload,e7c76e7a56d006130c5708a7d299b8451bd62f45c2e06d8d7773f9f9a6a7b9fb,4099d286b36f23b0036afdf312eb31c918e774050f6d2b5d7086b7654c31a235,79b7537d139366fc5596897aa42600548d0522ac4be1ab5fa8b8cdee68b263cd,a9ac64d
OPT-2.7B,MeZO,SST-2,accuracy,242,0.9334862385321101,872,official_full,40000,bfloat16,opt27-mezo,verified_local_official_payload,bff8035d81431298debf0a3fca88fd7b79d146d0e7d06c08e42afb5dc3c6103d,4099d286b36f23b0036afdf312eb31c918e774050f6d2b5d7086b7654c31a235,d605b269e06f837102809cea5c862afb1ab14e288baba0d2e4f273d54de3f716,a9ac64d
OPT-2.7B,MeZO,SST-2,accuracy,342,0.9254587155963303,872,official_full,40000,bfloat16,opt27-mezo,verified_local_official_payload,1b9c2fd2c1bd63041496d2c78908c69667eabc2d29035a0f246cd1f82922aee7,4099d286b36f23b0036afdf312eb31c918e774050f6d2b5d7086b7654c31a235,ea2bfda831fadf19c3f20f85d1ef0126b57d94dbe6b9a09d67910dda4b7cfc07,a9ac64d
OPT-2.7B,MeZO,SST-2,accuracy,442,0.9208715596330275,872,official_full,40000,bfloat16,opt27-mezo,verified_local_official_payload,3464ffb72d4427657ec7cbd36da53e8e1d4311b185ff965a44e1f3eeea85a927,4099d286b36f23b0036afdf312eb31c918e774050f6d2b5d7086b7654c31a235,b8b51737f648713b27a93f981cbc15737363dfbcf277535f8dc08f0089bf8f69,a9ac64d
OPT-2.7B,AIM-ZO,SST-2,accuracy,42,0.926605504587156,872,official_full,40000,bfloat16,opt27-aimzo,verified_local_official_payload,b22b0db64b54a11eb98b40037a2c3993ab62b263f661c3a19437165583cf0033,4099d286b36f23b0036afdf312eb31c918e774050f6d2b5d7086b7654c31a235,33a005d94de2e98da95718cdae0d28636405e6aa26a30f331b424ab9c9fecff2,a9ac64d
OPT-2.7B,AIM-ZO,SST-2,accuracy,142,0.9231651376146789,872,official_full,40000,bfloat16,opt27-aimzo,verified_local_official_payload,2d3cc6a4e1d8cc7377363f06ba2939be1ae45e0398969c9447844f8c44130ef9,4099d286b36f23b0036afdf312eb31c918e774050f6d2b5d7086b7654c31a235,4eb7f34eb222669fbc87ca34946f05524e0ea5483e7c9485cdd919d573d5e768,a9ac64d
OPT-2.7B,AIM-ZO,SST-2,accuracy,242,0.9357798165137615,872,official_full,40000,bfloat16,opt27-aimzo,verified_local_official_payload,3f6714bb429247aa9f3655823dbba6c38f8bf8769daf782dcac2812a22e8e8d7,4099d286b36f23b0036afdf312eb31c918e774050f6d2b5d7086b7654c31a235,28e64e6edf383051b6411bdd813a3858b4725efe326e328e310676a86b3490c2,a9ac64d
OPT-2.7B,AIM-ZO,SST-2,accuracy,342,0.9277522935779816,872,official_full,40000,bfloat16,opt27-aimzo,verified_local_official_payload,ecf468dc5cdcb846539c00266910ef47e861c635da79f95ce91da363fb47e24b,4099d286b36f23b0036afdf312eb31c918e774050f6d2b5d7086b7654c31a235,67904a16c1bb4d33fd845d3cf28ec393681adbd29fc1756223df9ce8b3d097ab,a9ac64d
OPT-2.7B,AIM-ZO,SST-2,accuracy,442,0.930045871559633,872,official_full,40000,bfloat16,opt27-aimzo,verified_local_official_payload,a8520089f7e3573d598ef730aeefc4a06d8f44f02119b39f5cc3c9eaef87f810,4099d286b36f23b0036afdf312eb31c918e774050f6d2b5d7086b7654c31a235,7d121a5f94f20e337d51ded70b7d860a648408bf6f857025bcfb6d8f320114d5,a9ac64d
OPT-2.7B,MeZO,WiC,accuracy,42,0.5862068965517241,638,official_full,40000,bfloat16,opt27-mezo,verified_local_official_payload,3040bf9d8d5ff0048db808775ffaebac938f57da8104e1c8f0afcbf691cab060,73a60687266637ee0a4896ca131189402c7d5d87393f57de3bf148f4a41e2d02,a12ee294794c5da6cef9829d9a1cf7b3f0d3cd5507d9c26ad006fea7b68b14c5,a9ac64d
OPT-2.7B,MeZO,WiC,accuracy,142,0.5909090909090909,638,official_full,40000,bfloat16,opt27-mezo,verified_local_official_payload,4dbcb532658d9d56171d7f21c710e48c4be989c714b37aed7ff07d7ab5d37aeb,73a60687266637ee0a4896ca131189402c7d5d87393f57de3bf148f4a41e2d02,79c61fb22925a5108eb2c3befd7915fe22d419dc4b74462eeaaacefd2f732c8e,a9ac64d
OPT-2.7B,MeZO,WiC,accuracy,242,0.5862068965517241,638,official_full,40000,bfloat16,opt27-mezo,verified_local_official_payload,16d95a61fa8445724b5a7975cc08c92c0ccf3f698d5cb313cad7d06af12319f0,73a60687266637ee0a4896ca131189402c7d5d87393f57de3bf148f4a41e2d02,5098594de055c661f06a7586abe0145e6fa47efb95fe3b0db3eab3e0383bc380,a9ac64d
OPT-2.7B,MeZO,WiC,accuracy,342,0.5830721003134797,638,official_full,40000,bfloat16,opt27-mezo,verified_local_official_payload,5770aadde3d27a0d9cd210038be0fe0075aad9e5640d27256e9cf60fdcb1043a,73a60687266637ee0a4896ca131189402c7d5d87393f57de3bf148f4a41e2d02,2966a75f3e6494cf2e743fa8bc81a30800a25f0cf6b7874376be0b373587d676,a9ac64d
OPT-2.7B,MeZO,WiC,accuracy,442,0.5799373040752351,638,official_full,40000,bfloat16,opt27-mezo,verified_local_official_payload,b572006f35474e6a20b421973864a4817c5d4187915362f43e4cae866a1664ec,73a60687266637ee0a4896ca131189402c7d5d87393f57de3bf148f4a41e2d02,70c65a6660745672207d85018f802981cfb23a4a9870660f68e99671c2855016,a9ac64d
OPT-2.7B,AIM-ZO,WiC,accuracy,42,0.603448275862069,638,official_full,40000,bfloat16,opt27-aimzo,verified_local_official_payload,f14d47a580d4a0bcd26362ba5bd725a54d1fdba8f7fc6521a6780c3166042135,73a60687266637ee0a4896ca131189402c7d5d87393f57de3bf148f4a41e2d02,ff1f40ae54f61c634b6c9fe93743a866f065de10062d9ae07f271387d8afc617,a9ac64d
OPT-2.7B,AIM-ZO,WiC,accuracy,142,0.6300940438871473,638,official_full,40000,bfloat16,opt27-aimzo,verified_local_official_payload,923506c5fffaa3484a23186680e58fb3ea61bb95ea1175a8967f37c5b34f2ebd,73a60687266637ee0a4896ca131189402c7d5d87393f57de3bf148f4a41e2d02,689d28b76f0f8412d861e405ac8aa62c32f7815e6c633fedeb926fb092c01b4e,a9ac64d
OPT-2.7B,AIM-ZO,WiC,accuracy,242,0.5909090909090909,638,official_full,40000,bfloat16,opt27-aimzo,verified_local_official_payload,185867dfa6cef9692f9ae9b5ffaedfeabf8c6aaeed5d3ad3ad261271ba40e527,73a60687266637ee0a4896ca131189402c7d5d87393f57de3bf148f4a41e2d02,d895bcd5b8536ba38b81596c4be1d9a29a8cc9040984c76dad34a1829e40501b,a9ac64d
OPT-2.7B,AIM-ZO,WiC,accuracy,342,0.5893416927899686,638,official_full,40000,bfloat16,opt27-aimzo,verified_local_official_payload,bc6caa9ba8dae652b95e1fb013a758254813dc6987e38236d8aa042153a81583,73a60687266637ee0a4896ca131189402c7d5d87393f57de3bf148f4a41e2d02,4e3022069208b1b16f28b43f420e65105854c430d0f3fc0d8af771dedbdb8916,a9ac64d
OPT-2.7B,AIM-ZO,WiC,accuracy,442,0.5924764890282131,638,official_full,40000,bfloat16,opt27-aimzo,verified_local_official_payload,9a01046acc1eed93becacb2524e55f6c485b165f5d7c924c707dfeaf8b3f7b53,73a60687266637ee0a4896ca131189402c7d5d87393f57de3bf148f4a41e2d02,f0642de07e9705df975dcfd4d4de75727e8490739bcb125fd9652a0543831368,a9ac64d
OPT-2.7B,MeZO,WSC,accuracy,42,0.5384615384615384,104,official_full,40000,bfloat16,opt27-mezo,verified_local_official_payload,9a0206bab0fcb9137d56dcf27686eec8f0abc7cf76d8b2954c5a81e37e7649af,0bfa39ea3cde51d83d888177237030f0257de5ed3364106a64110a2b70087505,1bae75f07d628febe49afc2aca3d88dbe6cc0367376eca98850c437f48007fdd,a9ac64d
OPT-2.7B,MeZO,WSC,accuracy,142,0.5288461538461539,104,official_full,40000,bfloat16,opt27-mezo,verified_local_official_payload,765815b14ddede74b23bd20ec6a089aa81566233f8af79883e4b4551924e9a63,0bfa39ea3cde51d83d888177237030f0257de5ed3364106a64110a2b70087505,8ad1328a0cc95f65c9a979456715d2d5d750e90974f28bd448ddbe03786a69c7,a9ac64d
OPT-2.7B,MeZO,WSC,accuracy,242,0.5576923076923077,104,official_full,40000,bfloat16,opt27-mezo,verified_local_official_payload,d6a7fbc6428277715d3fa43b595c21caf33ff38c9e43659d39517b409b891bb8,0bfa39ea3cde51d83d888177237030f0257de5ed3364106a64110a2b70087505,533b8772054908d0f822d1fd3bbde0a6184e2d415415eca64ea1115b37335906,a9ac64d
OPT-2.7B,MeZO,WSC,accuracy,342,0.5673076923076923,104,official_full,40000,bfloat16,opt27-mezo,verified_local_official_payload,7e8e0f7c8a4f9c7cf0745f90eda25b997280179a711f156117958ec4f99a7a1a,0bfa39ea3cde51d83d888177237030f0257de5ed3364106a64110a2b70087505,decd33df9ab4e0219e8133233570b2c76a84b3f5f986d13fa5bda851a83424e3,a9ac64d
OPT-2.7B,MeZO,WSC,accuracy,442,0.5480769230769231,104,official_full,40000,bfloat16,opt27-mezo,verified_local_official_payload,c09004b1c0e41dcf8017129ffd83ad25f018778022ee3ab1869f4498454d5002,0bfa39ea3cde51d83d888177237030f0257de5ed3364106a64110a2b70087505,ff57273c95e617a9a7a7f90f1a9a7f0891b109375558952b770075a23f69422b,a9ac64d
OPT-2.7B,AIM-ZO,WSC,accuracy,42,0.5480769230769231,104,official_full,40000,bfloat16,opt27-aimzo,verified_local_official_payload,b410c642cac58787819e577f93074bc03be8c6aa33328f554f2b41dab080d66e,0bfa39ea3cde51d83d888177237030f0257de5ed3364106a64110a2b70087505,8fec4da25ca3c1a0594927401be85967dbedbaa58951ce68042312fc7f8346da,a9ac64d
OPT-2.7B,AIM-ZO,WSC,accuracy,142,0.5384615384615384,104,official_full,40000,bfloat16,opt27-aimzo,verified_local_official_payload,c71e2597cfd52cc13c8afe5e3dda9fe4504d9dacaaac84579af8c0017adb8ba3,0bfa39ea3cde51d83d888177237030f0257de5ed3364106a64110a2b70087505,5fe079358c8b6e6f2b250639f17cb858cf0d16c72853e1448e284ac30063866c,a9ac64d
OPT-2.7B,AIM-ZO,WSC,accuracy,242,0.5865384615384616,104,official_full,40000,bfloat16,opt27-aimzo,verified_local_official_payload,d893a23263a1cd09d88c33b08be98b192eebae7f9e485f773b87deb60408ae8a,0bfa39ea3cde51d83d888177237030f0257de5ed3364106a64110a2b70087505,edf59783eba2884a2cfc4432eeb074d8b44e67535373b8c0034b317c95f4e5b8,a9ac64d
OPT-2.7B,AIM-ZO,WSC,accuracy,342,0.6346153846153846,104,official_full,40000,bfloat16,opt27-aimzo,verified_local_official_payload,ebf1aaabadae81ca13fc83f8ede639d1a6d3f85ff407d1d82cbde716137474ac,0bfa39ea3cde51d83d888177237030f0257de5ed3364106a64110a2b70087505,65e1f5ffe8147c5141891e34838967dc7cbbc0bacdbeb9c054936e33ad2b5a33,a9ac64d
OPT-2.7B,AIM-ZO,WSC,accuracy,442,0.5288461538461539,104,official_full,40000,bfloat16,opt27-aimzo,verified_local_official_payload,aebd83a961594a688b231bbb3034a652cb38f4aa71609ef105f95a498a0a53b5,0bfa39ea3cde51d83d888177237030f0257de5ed3364106a64110a2b70087505,fb04e3446f3f3a9a3d5fd1e86c5939354958818833d5cc54777d02cc61b2ada2,a9ac64d
OPT-2.7B,MeZO,SQuAD,f1,42,0.8327094013232508,1000,official_subset_1000,40000,bfloat16,opt27-mezo,verified_local_official_payload,1844c5fbb5a2b1535007368ee28da0b95980b7ba6d1eab54c157341c327e2ad9,40a20e2ec9acff6deca1c009bac73eb19ce37693467e8190cdb80bf7d5f3fa67,9244084158620573c3afeba74b471eff84254dd87930b648cbf18d2a4315d75a,a9ac64d
OPT-2.7B,MeZO,SQuAD,em,42,0.734,1000,official_subset_1000,40000,bfloat16,opt27-mezo,verified_local_official_payload,1844c5fbb5a2b1535007368ee28da0b95980b7ba6d1eab54c157341c327e2ad9,40a20e2ec9acff6deca1c009bac73eb19ce37693467e8190cdb80bf7d5f3fa67,9244084158620573c3afeba74b471eff84254dd87930b648cbf18d2a4315d75a,a9ac64d
OPT-2.7B,MeZO,SQuAD,f1,142,0.8031756050688855,1000,official_subset_1000,40000,bfloat16,opt27-mezo,verified_local_official_payload,f74825a9a4f2697926dbf2977135616d6bae89d9fcc914a990c1f1fc4ced04cb,40a20e2ec9acff6deca1c009bac73eb19ce37693467e8190cdb80bf7d5f3fa67,0e43c45bc697aff789bb500f02a5e97878f38c900bfc23449c7e77bb7aa84228,a9ac64d
OPT-2.7B,MeZO,SQuAD,em,142,0.698,1000,official_subset_1000,40000,bfloat16,opt27-mezo,verified_local_official_payload,f74825a9a4f2697926dbf2977135616d6bae89d9fcc914a990c1f1fc4ced04cb,40a20e2ec9acff6deca1c009bac73eb19ce37693467e8190cdb80bf7d5f3fa67,0e43c45bc697aff789bb500f02a5e97878f38c900bfc23449c7e77bb7aa84228,a9ac64d
OPT-2.7B,MeZO,SQuAD,f1,242,0.8035227243995694,1000,official_subset_1000,40000,bfloat16,opt27-mezo,verified_local_official_payload,99dacae58cb8d85b25dcd320ef1ae1d5cd1c6ed3da3929bb714302964e3243af,40a20e2ec9acff6deca1c009bac73eb19ce37693467e8190cdb80bf7d5f3fa67,6bae5ba172d7bb109fdf00f703a5c2b934dd559a5b46fc78270cd3c907f8f6b6,a9ac64d
OPT-2.7B,MeZO,SQuAD,em,242,0.703,1000,official_subset_1000,40000,bfloat16,opt27-mezo,verified_local_official_payload,99dacae58cb8d85b25dcd320ef1ae1d5cd1c6ed3da3929bb714302964e3243af,40a20e2ec9acff6deca1c009bac73eb19ce37693467e8190cdb80bf7d5f3fa67,6bae5ba172d7bb109fdf00f703a5c2b934dd559a5b46fc78270cd3c907f8f6b6,a9ac64d
OPT-2.7B,MeZO,SQuAD,f1,342,0.7963152089955222,1000,official_subset_1000,40000,bfloat16,opt27-mezo,verified_local_official_payload,bbe75d31153eb55af6405366670ecee96fc78a5d00934e01c44b1f2ab6498a52,40a20e2ec9acff6deca1c009bac73eb19ce37693467e8190cdb80bf7d5f3fa67,d4126edda4901e1e3e04265855dcdca0abaa9db59b75f132c2708ac064d60bbd,a9ac64d
OPT-2.7B,MeZO,SQuAD,em,342,0.694,1000,official_subset_1000,40000,bfloat16,opt27-mezo,verified_local_official_payload,bbe75d31153eb55af6405366670ecee96fc78a5d00934e01c44b1f2ab6498a52,40a20e2ec9acff6deca1c009bac73eb19ce37693467e8190cdb80bf7d5f3fa67,d4126edda4901e1e3e04265855dcdca0abaa9db59b75f132c2708ac064d60bbd,a9ac64d
OPT-2.7B,MeZO,SQuAD,f1,442,0.8137119697958719,1000,official_subset_1000,40000,bfloat16,opt27-mezo,verified_local_official_payload,d1956aa254d336fe72666dc54c1e26194244b51ba3c22dcfeb063612a9b65300,40a20e2ec9acff6deca1c009bac73eb19ce37693467e8190cdb80bf7d5f3fa67,8ce644496e5c8cc3d9b765e1652c5beb2d951d1b738ff0a5a5d22bfe47bff35d,a9ac64d
OPT-2.7B,MeZO,SQuAD,em,442,0.713,1000,official_subset_1000,40000,bfloat16,opt27-mezo,verified_local_official_payload,d1956aa254d336fe72666dc54c1e26194244b51ba3c22dcfeb063612a9b65300,40a20e2ec9acff6deca1c009bac73eb19ce37693467e8190cdb80bf7d5f3fa67,8ce644496e5c8cc3d9b765e1652c5beb2d951d1b738ff0a5a5d22bfe47bff35d,a9ac64d
OPT-2.7B,AIM-ZO,SQuAD,f1,42,0.8060282225645167,1000,official_subset_1000,40000,bfloat16,opt27-aimzo,verified_local_official_payload,760e0908c80e8e19ed2c2b805479117ba63caafe175551b6d8cb08660838a53f,40a20e2ec9acff6deca1c009bac73eb19ce37693467e8190cdb80bf7d5f3fa67,4b87598e3ad903abdf0f8514471b0ff5263e65202fd0d75a3b4eee1943defdb7,a9ac64d
OPT-2.7B,AIM-ZO,SQuAD,em,42,0.702,1000,official_subset_1000,40000,bfloat16,opt27-aimzo,verified_local_official_payload,760e0908c80e8e19ed2c2b805479117ba63caafe175551b6d8cb08660838a53f,40a20e2ec9acff6deca1c009bac73eb19ce37693467e8190cdb80bf7d5f3fa67,4b87598e3ad903abdf0f8514471b0ff5263e65202fd0d75a3b4eee1943defdb7,a9ac64d
OPT-2.7B,AIM-ZO,SQuAD,f1,142,0.8126453311707027,1000,official_subset_1000,40000,bfloat16,opt27-aimzo,verified_local_official_payload,11d43d390c142e8a834464357eac335dd96e6f6071c114f836b84621cecf9c3f,40a20e2ec9acff6deca1c009bac73eb19ce37693467e8190cdb80bf7d5f3fa67,604215d8f378742227a7e286438366927558d5957863da7ecb6768b099aea0da,a9ac64d
OPT-2.7B,AIM-ZO,SQuAD,em,142,0.712,1000,official_subset_1000,40000,bfloat16,opt27-aimzo,verified_local_official_payload,11d43d390c142e8a834464357eac335dd96e6f6071c114f836b84621cecf9c3f,40a20e2ec9acff6deca1c009bac73eb19ce37693467e8190cdb80bf7d5f3fa67,604215d8f378742227a7e286438366927558d5957863da7ecb6768b099aea0da,a9ac64d
OPT-2.7B,AIM-ZO,SQuAD,f1,242,0.8139556152535186,1000,official_subset_1000,40000,bfloat16,opt27-aimzo,verified_local_official_payload,911e0e7bd6f5dc1eeb2d09e924b591a349fff6cf703cb4932b0f30b4bcb7ef88,40a20e2ec9acff6deca1c009bac73eb19ce37693467e8190cdb80bf7d5f3fa67,dde9d27e40ac346c7414f72f8d8b163a3f00d5de190c0f46a2e6913b2b0b7315,a9ac64d
OPT-2.7B,AIM-ZO,SQuAD,em,242,0.719,1000,official_subset_1000,40000,bfloat16,opt27-aimzo,verified_local_official_payload,911e0e7bd6f5dc1eeb2d09e924b591a349fff6cf703cb4932b0f30b4bcb7ef88,40a20e2ec9acff6deca1c009bac73eb19ce37693467e8190cdb80bf7d5f3fa67,dde9d27e40ac346c7414f72f8d8b163a3f00d5de190c0f46a2e6913b2b0b7315,a9ac64d
OPT-2.7B,AIM-ZO,SQuAD,f1,342,0.8186330118196327,1000,official_subset_1000,40000,bfloat16,opt27-aimzo,verified_local_official_payload,d5a1d046b18fada171aa6951a7b57b481d538290eb5eaf3d2c14080e2858ad52,40a20e2ec9acff6deca1c009bac73eb19ce37693467e8190cdb80bf7d5f3fa67,b077e98bc3e897815add2c6df322a5a96fa8c6764cb7dcc6626f0828fca23e79,a9ac64d
OPT-2.7B,AIM-ZO,SQuAD,em,342,0.721,1000,official_subset_1000,40000,bfloat16,opt27-aimzo,verified_local_official_payload,d5a1d046b18fada171aa6951a7b57b481d538290eb5eaf3d2c14080e2858ad52,40a20e2ec9acff6deca1c009bac73eb19ce37693467e8190cdb80bf7d5f3fa67,b077e98bc3e897815add2c6df322a5a96fa8c6764cb7dcc6626f0828fca23e79,a9ac64d
OPT-2.7B,AIM-ZO,SQuAD,f1,442,0.8083553574933259,1000,official_subset_1000,40000,bfloat16,opt27-aimzo,verified_local_official_payload,898b11f7c60c5316aefb1b6652826b414edf548337d83bb6e9e1153af2542910,40a20e2ec9acff6deca1c009bac73eb19ce37693467e8190cdb80bf7d5f3fa67,2d1cc74c8dfcabd5eb9c354b37532178daca0a2e0501f309308dc51e0f7821d0,a9ac64d
OPT-2.7B,AIM-ZO,SQuAD,em,442,0.718,1000,official_subset_1000,40000,bfloat16,opt27-aimzo,verified_local_official_payload,898b11f7c60c5316aefb1b6652826b414edf548337d83bb6e9e1153af2542910,40a20e2ec9acff6deca1c009bac73eb19ce37693467e8190cdb80bf7d5f3fa67,2d1cc74c8dfcabd5eb9c354b37532178daca0a2e0501f309308dc51e0f7821d0,a9ac64d
