model,method,dataset,metric,mean,sample_std,num_seeds,seed_ids,evaluation_scope,total_calls_per_seed,dtype,state,provenance_status,release_config_sha256s,release_code_revision
OPT-2.7B,MeZO,RTE,accuracy,0.6512635379061372,0.016661344056627156,5,42;142;242;342;442,official_full,40000,bfloat16,complete,aggregate_from_verified_seed_rows,65142d5aa1310a2caf46c18ce6ccdfffff1b791741b12ec3f31d7b1cc6a58bbc;c1d872cc3c818c7969273ba767e86f4ffb55ad60cd25eca8f28286efb1d9e104;6fefd8c27bd1d1a7f331d532e21ca09c5d7b45288557a8a9451e8f01fa79c1f0;dd83f97fb21997469cd4e873389bb18852de1367c9184975707e212a24815127;cc8bdc5561f3f9fd716a4db747f8273f20fa34797993d422a2ff69d303ee7993,a9ac64d
OPT-2.7B,MeZO,BoolQ,accuracy,0.661,0.02262741699796954,5,42;142;242;342;442,official_full,40000,bfloat16,complete,aggregate_from_verified_seed_rows,48d7af0ab6ea822e35c0c72df3af6135f0aaaedf41a210579a325078f1b560a6;e12686c049e3c7392b3747d1cb4987d38e7de60df5b8c93ae10c0f90b505e5e5;3437eb9b2964bc0bea5ed92f1f982ab00f4ec151c7b7a5811ba750fb096309a1;83c90a579a65347b80de54d204d9b1b94b22186339858532cf2434e272f69da2;0b26f61fd6990d800caf9e8a2fb56303024932259d9d5c9f62238b4c0fe08734,a9ac64d
OPT-2.7B,MeZO,SST-2,accuracy,0.925,0.00541546740968699,5,42;142;242;342;442,official_full,40000,bfloat16,complete,aggregate_from_verified_seed_rows,374efd82cd9d6776bdaaf52c5fc5841437b6bccb03d1d6e0d6f0c13a8018cf65;79b7537d139366fc5596897aa42600548d0522ac4be1ab5fa8b8cdee68b263cd;d605b269e06f837102809cea5c862afb1ab14e288baba0d2e4f273d54de3f716;ea2bfda831fadf19c3f20f85d1ef0126b57d94dbe6b9a09d67910dda4b7cfc07;b8b51737f648713b27a93f981cbc15737363dfbcf277535f8dc08f0089bf8f69,a9ac64d
OPT-2.7B,MeZO,WiC,accuracy,0.5852664576802508,0.00408727423523676,5,42;142;242;342;442,official_full,40000,bfloat16,complete,aggregate_from_verified_seed_rows,a12ee294794c5da6cef9829d9a1cf7b3f0d3cd5507d9c26ad006fea7b68b14c5;79c61fb22925a5108eb2c3befd7915fe22d419dc4b74462eeaaacefd2f732c8e;5098594de055c661f06a7586abe0145e6fa47efb95fe3b0db3eab3e0383bc380;2966a75f3e6494cf2e743fa8bc81a30800a25f0cf6b7874376be0b373587d676;70c65a6660745672207d85018f802981cfb23a4a9870660f68e99671c2855016,a9ac64d
OPT-2.7B,MeZO,WSC,accuracy,0.5480769230769231,0.015203257981578745,5,42;142;242;342;442,official_full,40000,bfloat16,complete,aggregate_from_verified_seed_rows,1bae75f07d628febe49afc2aca3d88dbe6cc0367376eca98850c437f48007fdd;8ad1328a0cc95f65c9a979456715d2d5d750e90974f28bd448ddbe03786a69c7;533b8772054908d0f822d1fd3bbde0a6184e2d415415eca64ea1115b37335906;decd33df9ab4e0219e8133233570b2c76a84b3f5f986d13fa5bda851a83424e3;ff57273c95e617a9a7a7f90f1a9a7f0891b109375558952b770075a23f69422b,a9ac64d
OPT-2.7B,MeZO,SQuAD,f1,0.80988698191662,0.01418831150107427,5,42;142;242;342;442,official_subset_1000,40000,bfloat16,complete,aggregate_from_verified_seed_rows,9244084158620573c3afeba74b471eff84254dd87930b648cbf18d2a4315d75a;0e43c45bc697aff789bb500f02a5e97878f38c900bfc23449c7e77bb7aa84228;6bae5ba172d7bb109fdf00f703a5c2b934dd559a5b46fc78270cd3c907f8f6b6;d4126edda4901e1e3e04265855dcdca0abaa9db59b75f132c2708ac064d60bbd;8ce644496e5c8cc3d9b765e1652c5beb2d951d1b738ff0a5a5d22bfe47bff35d,a9ac64d
OPT-2.7B,MeZO,SQuAD,em,0.7083999999999999,0.015978110025907332,5,42;142;242;342;442,official_subset_1000,40000,bfloat16,complete,aggregate_from_verified_seed_rows,9244084158620573c3afeba74b471eff84254dd87930b648cbf18d2a4315d75a;0e43c45bc697aff789bb500f02a5e97878f38c900bfc23449c7e77bb7aa84228;6bae5ba172d7bb109fdf00f703a5c2b934dd559a5b46fc78270cd3c907f8f6b6;d4126edda4901e1e3e04265855dcdca0abaa9db59b75f132c2708ac064d60bbd;8ce644496e5c8cc3d9b765e1652c5beb2d951d1b738ff0a5a5d22bfe47bff35d,a9ac64d
OPT-2.7B,AIM-ZO,RTE,accuracy,0.6750902527075813,0.0317812578730307,5,42;142;242;342;442,official_full,40000,bfloat16,complete,aggregate_from_verified_seed_rows,57059641c730cd07f23fa7567e2ae83e427db7e9b6499fd96f0905496ee7ce76;8584d1a1986835cc72bc440d19ec8ee95a52b4a70783c17de6792359458a5eef;1dd82b95dfbcafcba9a10234ce0d83521f1759b4c6d7789d6ffebb6f4227c4a7;8978507408a4bc53b23543ab33ebeda734f30fe23150bb0b622e483bbe40a642;edcd5ecb2831ef74b261b31ac56ec824e95010cd838acbe9f595cb1c004febb1,a9ac64d
OPT-2.7B,AIM-ZO,BoolQ,accuracy,0.6722,0.016709278859364317,5,42;142;242;342;442,official_full,40000,bfloat16,complete,aggregate_from_verified_seed_rows,239a9d5eeeed0b80254d73f25aa6fb988573f32ff20b102bc88b9d0562eed57e;b67742ebf162d7a6ec2f8976038809d40d715f0be0e71847834eeabd0b4885c4;dcf2d9e1b5d1443e27fe0ed43fab72cb25b6f1a877a97818e57a14a8147dbb9c;80efefa73e791484f5d4363478c065a019fd66634956d5b11905c0283a2c6a41;bf56d0bc68d54ef7fe92f1fb472fe1103697b9ad59701299e1acc868e8ba3914,a9ac64d
OPT-2.7B,AIM-ZO,SST-2,accuracy,0.9286697247706422,0.0046864258581886835,5,42;142;242;342;442,official_full,40000,bfloat16,complete,aggregate_from_verified_seed_rows,33a005d94de2e98da95718cdae0d28636405e6aa26a30f331b424ab9c9fecff2;4eb7f34eb222669fbc87ca34946f05524e0ea5483e7c9485cdd919d573d5e768;28e64e6edf383051b6411bdd813a3858b4725efe326e328e310676a86b3490c2;67904a16c1bb4d33fd845d3cf28ec393681adbd29fc1756223df9ce8b3d097ab;7d121a5f94f20e337d51ded70b7d860a648408bf6f857025bcfb6d8f320114d5,a9ac64d
OPT-2.7B,AIM-ZO,WiC,accuracy,0.6012539184952977,0.017047931575145725,5,42;142;242;342;442,official_full,40000,bfloat16,complete,aggregate_from_verified_seed_rows,ff1f40ae54f61c634b6c9fe93743a866f065de10062d9ae07f271387d8afc617;689d28b76f0f8412d861e405ac8aa62c32f7815e6c633fedeb926fb092c01b4e;d895bcd5b8536ba38b81596c4be1d9a29a8cc9040984c76dad34a1829e40501b;4e3022069208b1b16f28b43f420e65105854c430d0f3fc0d8af771dedbdb8916;f0642de07e9705df975dcfd4d4de75727e8490739bcb125fd9652a0543831368,a9ac64d
OPT-2.7B,AIM-ZO,WSC,accuracy,0.5673076923076923,0.04353550547181449,5,42;142;242;342;442,official_full,40000,bfloat16,complete,aggregate_from_verified_seed_rows,8fec4da25ca3c1a0594927401be85967dbedbaa58951ce68042312fc7f8346da;5fe079358c8b6e6f2b250639f17cb858cf0d16c72853e1448e284ac30063866c;edf59783eba2884a2cfc4432eeb074d8b44e67535373b8c0034b317c95f4e5b8;65e1f5ffe8147c5141891e34838967dc7cbbc0bacdbeb9c054936e33ad2b5a33;fb04e3446f3f3a9a3d5fd1e86c5939354958818833d5cc54777d02cc61b2ada2,a9ac64d
OPT-2.7B,AIM-ZO,SQuAD,f1,0.8119235076603393,0.004928336902275741,5,42;142;242;342;442,official_subset_1000,40000,bfloat16,complete,aggregate_from_verified_seed_rows,4b87598e3ad903abdf0f8514471b0ff5263e65202fd0d75a3b4eee1943defdb7;604215d8f378742227a7e286438366927558d5957863da7ecb6768b099aea0da;dde9d27e40ac346c7414f72f8d8b163a3f00d5de190c0f46a2e6913b2b0b7315;b077e98bc3e897815add2c6df322a5a96fa8c6764cb7dcc6626f0828fca23e79;2d1cc74c8dfcabd5eb9c354b37532178daca0a2e0501f309308dc51e0f7821d0,a9ac64d
OPT-2.7B,AIM-ZO,SQuAD,em,0.7143999999999999,0.007700649323271389,5,42;142;242;342;442,official_subset_1000,40000,bfloat16,complete,aggregate_from_verified_seed_rows,4b87598e3ad903abdf0f8514471b0ff5263e65202fd0d75a3b4eee1943defdb7;604215d8f378742227a7e286438366927558d5957863da7ecb6768b099aea0da;dde9d27e40ac346c7414f72f8d8b163a3f00d5de190c0f46a2e6913b2b0b7315;b077e98bc3e897815add2c6df322a5a96fa8c6764cb7dcc6626f0828fca23e79;2d1cc74c8dfcabd5eb9c354b37532178daca0a2e0501f309308dc51e0f7821d0,a9ac64d
