model,method,dataset,protocol_id,metric,mean,sample_std,num_seeds,seed_ids,state,provenance_status,release_config_sha256s,release_code_revision
OPT-30B,Zero-shot,RTE,zero-shot,accuracy,0.5379,,0,,complete,verified_zero_shot,,
OPT-30B,Zero-shot,BoolQ,zero-shot,accuracy,0.409,,0,,complete,verified_zero_shot,,
OPT-30B,Zero-shot,SST-2,zero-shot,accuracy,0.5882999999999999,,0,,complete,verified_zero_shot,,
OPT-30B,Zero-shot,WiC,zero-shot,accuracy,0.5297999999999999,,0,,complete,verified_zero_shot,,
OPT-30B,Zero-shot,WSC,zero-shot,accuracy,0.375,,0,,complete,verified_zero_shot,,
OPT-30B,Zero-shot,SQuAD,zero-shot,f1,0.4648,,0,,complete,verified_zero_shot,,
OPT-30B,MeZO,RTE,opt30-mezo,accuracy,0.6325,0.0179,3,42;142;242,complete,paper_aggregate_without_seed_payload,9a27e656c789ef5829aeeb3d1d169bab54fa9bc10ac5d78f99e907f25043c06a;c3c465d6bdd48447aa17adb711af30a622150ceeb9cfdf4240e34ccb67e87fc1;937cf51632f1688e0c7e89dc35e467dda6f84b0a37c932b1cca466829a925721,83b5b59
OPT-30B,MeZO,BoolQ,opt30-mezo,accuracy,0.7073999999999999,0.011699999999999999,3,42;142;242,complete,paper_aggregate_without_seed_payload,da49a3c054d500eabeb887f9a136482a6fb9d9f9313b028bfa0313bff9255751;18f91a43bb4a6c51bb6c3a2d2094e1ee1d407322b06e1dc8e08904ca40c47f76;24c5ffbbb594d53edffbf46bca69755e6bb7ab03814a85ba0058ed6fd5e9b0f4,83b5b59
OPT-30B,MeZO,SST-2,opt30-mezo,accuracy,0.9107999999999999,0.0036,3,42;142;242,complete,paper_aggregate_without_seed_payload,ade944d7a0e25cc7f91c909f4e5d1f76ff7be6bb343f23bbf7281f60b13d9a40;59ff450060fbb17ee2e93bbdf42dee89ccb3bcf8d7c36aaf80fb059b962ec2ac;9d524acd9afccb6af6053ab7c995c54e680acee5634e766971f48ef8fe81a823,83b5b59
OPT-30B,MeZO,WiC,opt30-mezo,accuracy,0.5596,0.0181,3,42;142;242,complete,paper_aggregate_without_seed_payload,8cd8d231973323351f71c55122294a86a884df26fe310efde1511af86f34ece6;fa32a17793a8a26d86b2dd1072f190a4327a8bc8667ef01bfc2c111fe024e754;4a33aab4e822009c237725c9c7ed437b46fbc6ed2dec1825f9cae527cff09638,83b5b59
OPT-30B,MeZO,WSC,opt30-mezo,accuracy,0.5808,0.0285,3,42;142;242,complete,paper_aggregate_without_seed_payload,80a268e905717db161d0bf7a20b00df09e7ec16afefdc2110f5c58a3cdc6296f;0934dde6cea872db5b4027caa166960f2a46a37eb863f97dff9de9c6425b3226;d696d64e4b05aac794452e2bf86f0ddad6e88b0515a3c9b548a45e986acb15da,83b5b59
OPT-30B,MeZO,SQuAD,opt30-mezo,f1,0.8022,0.009899999999999999,3,42;142;242,complete,paper_aggregate_without_seed_payload,80146e78af21e4e9ee318d659700843efe31ac1bc5bf5870e04b2549cf4a99e5;cec8f41cd099ea4f6b5e4259452992cabe5a7445bc4db1a5fa06fe16db193ad8;5b21fbf525cd26c052564e283400fb5fcd6cb49116b402173d0b3f2f023988c0,83b5b59
OPT-30B,AIM-ZO,RTE,opt30-aimzo,accuracy,0.6816,0.026600000000000002,3,42;142;242,complete,paper_aggregate_without_seed_payload,3e1e9c426dc30504842656de71e043d68cc9f2abab8bb07e809ca8d5b7329ef4;ded0f254ae92bf799433c4321dd4d247bd3c99ec2331646fb20a43da874be8c6;2b71b49bb4a06e2cf9954881f6c76a768f58cb4e8e62216a3390cbf83dc914d4,83b5b59
OPT-30B,AIM-ZO,BoolQ,opt30-aimzo,accuracy,0.7490000000000001,0.015300000000000001,3,42;142;242,complete,paper_aggregate_without_seed_payload,329b1b451b50f7fa3884353179c0b49e1d62a600c357ad205c1df879d70980bc;f28399e194e786f0f45aa67e6ea1aefa7fc168698e26faab0a2760d12ef8ad30;f856e34d31ea7f1cc53a151fda76fd5f5b51fe1167410e23625c9efbdc5b622d,83b5b59
OPT-30B,AIM-ZO,SST-2,opt30-aimzo,accuracy,0.9347,0.005600000000000001,3,42;142;242,complete,paper_aggregate_without_seed_payload,57d95e94bf31dd7319d761ff3667cea296607f9dd73334f12c670b8a07767425;280a199e9ed37e1425b972644a0d4c81d8c8997988a1ad08825d876ce560248d;9c06cab3fe33b196300c3bc1b2172490d465d7e17f60a0a9d44c2c3b5bbafe31,83b5b59
OPT-30B,AIM-ZO,WiC,opt30-aimzo,accuracy,0.5771000000000001,0.0091,3,42;142;242,complete,paper_aggregate_without_seed_payload,9db3c50f8dd156883a6017c57a19a1688f19cdf0918069b341a8fd81c33a473d;634d4059745b5c5a41be42bb5d280f7fd45f2c79f63b952bb3422e5e91a4d739;9ef05162275d5943791cabedd5f9f31c0f72b69771fd05a7b579744091f1f4a4,83b5b59
OPT-30B,AIM-ZO,WSC,opt30-aimzo,accuracy,0.5922999999999999,0.0277,3,42;142;242,complete,paper_aggregate_without_seed_payload,cdf4f933a5ee5a1709e2018d626d6f292398551f1faa5f60adda3087199f4574;6ecece07ad4fe26ed7eb02ff469bd15a3151d6e850de054f3bebd30a8755ad18;3752bc7d977a97d9e9534be4f15c188eb07b688a0b19281c7e9a4e5d9809823a,83b5b59
OPT-30B,AIM-ZO,SQuAD,opt30-aimzo,f1,0.8295999999999999,0.0069,3,42;142;242,complete,paper_aggregate_without_seed_payload,d742629122e345986e0fb402783e654f257d7b8dbda2cea4076db627c021a6fa;0cb1efc64d2fbb270665464b8ba5a8fe1a1f9b5bff6b353ec5cacdf62e1d8760;20f3d9720edb2ac1efc1d6e097a32437779ab5b1e44cd02976372c98f94dce1a,83b5b59
